album_id,title,artist,genre_id,label_id,price,created_at
0081c90d-2164-43dc-82dd-5f2899e1d278,The Epic,Kamasi Washington,70a76012-6212-49ff-a125-603de72b02ed,437d32dc-cc1c-4680-81b9-8e556f48b25d,52.79,2025-12-31 02:30:21.348598+00
00c06829-aadb-4775-a914-452ecf25659b,A Love Supreme,John Coltrane,8396d96c-9644-4d83-8cb8-301f9942adae,682957ea-82cf-494b-bca1-3ec2e2938d22,242.45,2025-12-31 02:30:21.348598+00
0181ed08-a6f5-4f83-abe7-d9372310a3ec,Kind of Blue,Miles Davis,8396d96c-9644-4d83-8cb8-301f9942adae,437d32dc-cc1c-4680-81b9-8e556f48b25d,275.40,2025-12-31 02:30:21.348598+00
01908174-a5be-4f2f-9ad7-e93abce5a7d4,Kind of Blue,Miles Davis,1f657a18-645d-4206-a431-c45e967bcb1d,ed63136a-6ed0-4052-8174-655ecb4bb270,234.33,2025-12-31 02:30:21.348598+00
019b1392-fb9c-4da2-a73a-8d6d827341ff,Kind of Blue,Miles Davis,b0718b04-1517-4669-97d3-13b27e79d549,a6debdad-89fb-428d-ba80-e4d1f83b2478,272.58,2025-12-31 02:30:21.348598+00
03a07991-1aff-42fa-a2ad-34c08ec38349,Kind of Blue,Miles Davis,8396d96c-9644-4d83-8cb8-301f9942adae,26e329d9-0a0b-4e06-a53d-539cdc6ab27e,217.40,2025-12-31 02:30:21.348598+00
0538e6df-a704-4803-bb5b-f7af26182b70,Kind of Blue,Miles Davis,88924d51-0155-440a-af84-03da159966e6,682957ea-82cf-494b-bca1-3ec2e2938d22,265.84,2025-12-31 02:30:21.348598+00
0599bebd-f50f-4637-b2fb-1941443f2c1f,Kind of Blue,Miles Davis,f6fb7bbc-b40c-4cd8-b4bd-45cc6e9092cd,a6debdad-89fb-428d-ba80-e4d1f83b2478,286.04,2025-12-31 02:30:21.348598+00
05b97943-b03e-4852-a77d-55e86f9f3b78,Kind of Blue,Miles Davis,88924d51-0155-440a-af84-03da159966e6,682957ea-82cf-494b-bca1-3ec2e2938d22,234.33,2025-12-31 02:30:21.348598+00
0656c2f2-552b-4449-803b-549d39b818fd,Kind of Blue,Miles Davis,ce7b1985-50d6-4f25-9d77-44b8b78b0eaa,71f29542-8080-49bd-8e35-79db47cd1ec4,299.79,2025-12-31 02:30:21.348598+00
098df85f-2d07-40e2-afb5-34cf4d95101a,The Epic,Kamasi Washington,00c84845-688e-4378-93d3-be194c67ffef,26e329d9-0a0b-4e06-a53d-539cdc6ab27e,50.41,2025-12-31 02:30:21.348598+00
09bdc679-1561-491f-96ab-ad55c8089611,Kind of Blue,Miles Davis,8396d96c-9644-4d83-8cb8-301f9942adae,ed63136a-6ed0-4052-8174-655ecb4bb270,221.78,2025-12-31 02:30:21.348598+00
09eefe9b-848a-4e88-96e8-5b330695a687,Kind of Blue,Miles Davis,b0718b04-1517-4669-97d3-13b27e79d549,a6debdad-89fb-428d-ba80-e4d1f83b2478,272.58,2025-12-31 02:30:21.348598+00
0c969478-a2f8-4260-b077-6330857c8b9c,The Epic,Kamasi Washington,70a76012-6212-49ff-a125-603de72b02ed,b43099c9-ecad-4f7e-b9ea-bb4e0fb2c5df,45.42,2025-12-31 02:30:21.348598+00
0d79469c-c118-40d2-b295-2fa9b4b91184,Kind of Blue,Miles Davis,70a76012-6212-49ff-a125-603de72b02ed,469b8cb4-5be0-4c27-993f-02f9dc8e1142,272.58,2025-12-31 02:30:21.348598+00
0e78a048-f1de-4b6d-9777-153cc9b25e6b,Kind of Blue,Miles Davis,ce7b1985-50d6-4f25-9d77-44b8b78b0eaa,437d32dc-cc1c-4680-81b9-8e556f48b25d,262.11,2025-12-31 02:30:21.348598+00
0ecb05b7-2eef-4e90-ac8f-a8c4e47866b6,Blue Train,John Coltrane,ce7b1985-50d6-4f25-9d77-44b8b78b0eaa,45283569-b17c-47e4-aee1-6094fc0bfa1a,105.74,2025-12-31 02:30:21.348598+00
0f5889c3-c7a5-42b8-87a9-3c4b2435c9ee,The Epic,Kamasi Washington,b626e1a0-234f-4542-ae67-47a2fbc68dd6,26626d7c-16dd-489e-a86e-72a4e850df94,43.19,2025-12-31 02:30:21.348598+00
1059b9a3-b6d6-4799-b5ef-1e6d0a58d1cd,Kind of Blue,Miles Davis,8396d96c-9644-4d83-8cb8-301f9942adae,437d32dc-cc1c-4680-81b9-8e556f48b25d,239.52,2025-12-31 02:30:21.348598+00
115ee252-934a-40e0-b58f-9b81f71ceb7f,Kind of Blue,Miles Davis,8396d96c-9644-4d83-8cb8-301f9942adae,71f29542-8080-49bd-8e35-79db47cd1ec4,218.47,2025-12-31 02:30:21.348598+00
118dcafa-37f8-4135-b72b-126e966e1b0e,Kind of Blue,Miles Davis,b0718b04-1517-4669-97d3-13b27e79d549,ed63136a-6ed0-4052-8174-655ecb4bb270,243.61,2025-12-31 02:30:21.348598+00
11cc6547-44b9-462c-9866-6572f8c59366,Kind of Blue,Miles Davis,b0718b04-1517-4669-97d3-13b27e79d549,26e329d9-0a0b-4e06-a53d-539cdc6ab27e,298.12,2025-12-31 02:30:21.348598+00
1305a889-18be-4ca1-a445-ecf38cd0bc71,The Emancipation Procrastination,Christian Scott aTunde Adjuah,8396d96c-9644-4d83-8cb8-301f9942adae,469b8cb4-5be0-4c27-993f-02f9dc8e1142,43.19,2025-12-31 02:30:21.348598+00
13227925-28c8-41a9-88b4-1431563a4778,Kind of Blue,Miles Davis,b0718b04-1517-4669-97d3-13b27e79d549,71f29542-8080-49bd-8e35-79db47cd1ec4,248.87,2025-12-31 02:30:21.348598+00
13c98c82-86e0-42b9-9481-bb41de69cdbc,The Inner Mounting Flame,Mahavishnu Orchestra,ce7b1985-50d6-4f25-9d77-44b8b78b0eaa,71f29542-8080-49bd-8e35-79db47cd1ec4,86.82,2025-12-31 02:30:21.348598+00
14672307-2295-4e60-90e1-40bd47ea70ca,The Epic,Kamasi Washington,f6fb7bbc-b40c-4cd8-b4bd-45cc6e9092cd,437d32dc-cc1c-4680-81b9-8e556f48b25d,64.91,2025-12-31 02:30:21.348598+00
14755d28-9200-418c-98e2-658c9927d25f,Romantic Warrior,Return to Forever,70a76012-6212-49ff-a125-603de72b02ed,26626d7c-16dd-489e-a86e-72a4e850df94,82.25,2025-12-31 02:30:21.348598+00
15a25946-37e3-4628-8d52-619e96b6205b,Kind of Blue,Miles Davis,ce7b1985-50d6-4f25-9d77-44b8b78b0eaa,a6debdad-89fb-428d-ba80-e4d1f83b2478,224.22,2025-12-31 02:30:21.348598+00
169efd24-3b25-4faf-800e-5adde62fae3e,The Epic,Kamasi Washington,8396d96c-9644-4d83-8cb8-301f9942adae,26e329d9-0a0b-4e06-a53d-539cdc6ab27e,49.33,2025-12-31 02:30:21.348598+00
176fe895-8120-4c94-ae5e-91fc256663af,Kind of Blue,Miles Davis,b0718b04-1517-4669-97d3-13b27e79d549,469b8cb4-5be0-4c27-993f-02f9dc8e1142,208.57,2025-12-31 02:30:21.348598+00
17732b76-c861-4476-bf69-c613c6e6f9e5,Kind of Blue,Miles Davis,b0718b04-1517-4669-97d3-13b27e79d549,437d32dc-cc1c-4680-81b9-8e556f48b25d,220.59,2025-12-31 02:30:21.348598+00
17b906f2-f8cf-4ff4-89b3-03981c7e3be1,Kind of Blue,Miles Davis,b0718b04-1517-4669-97d3-13b27e79d549,71f29542-8080-49bd-8e35-79db47cd1ec4,265.81,2025-12-31 02:30:21.348598+00
19c22477-941d-446f-85e7-c75ec4ee839b,Kind of Blue,Miles Davis,8396d96c-9644-4d83-8cb8-301f9942adae,437d32dc-cc1c-4680-81b9-8e556f48b25d,275.40,2025-12-31 02:30:21.348598+00
1c509b3a-d16d-4a12-b54e-81fc334abf38,Kind of Blue,Miles Davis,f6fb7bbc-b40c-4cd8-b4bd-45cc6e9092cd,45283569-b17c-47e4-aee1-6094fc0bfa1a,290.04,2025-12-31 02:30:21.348598+00
1cdc583c-80bd-4a66-b1bf-86c1699773f9,Kind of Blue,Miles Davis,ce7b1985-50d6-4f25-9d77-44b8b78b0eaa,45283569-b17c-47e4-aee1-6094fc0bfa1a,292.05,2025-12-31 02:30:21.348598+00
1dc80cce-0af8-48db-aa40-7b71eb906923,Kind of Blue,Miles Davis,b0718b04-1517-4669-97d3-13b27e79d549,45283569-b17c-47e4-aee1-6094fc0bfa1a,202.97,2025-12-31 02:30:21.348598+00
1de8844d-d27c-4ca7-a3de-10173bd70174,Saxophone Colossus,Sonny Rollins,f6fb7bbc-b40c-4cd8-b4bd-45cc6e9092cd,437d32dc-cc1c-4680-81b9-8e556f48b25d,100.86,2025-12-31 02:30:21.348598+00
1e86e305-ab0b-4a45-bab7-eff542129eea,Kind of Blue,Miles Davis,8396d96c-9644-4d83-8cb8-301f9942adae,469b8cb4-5be0-4c27-993f-02f9dc8e1142,272.93,2025-12-31 02:30:21.348598+00
1fca1e42-262e-4b34-9a29-0feaaa730704,Kind of Blue,Miles Davis,b0718b04-1517-4669-97d3-13b27e79d549,26e329d9-0a0b-4e06-a53d-539cdc6ab27e,256.40,2025-12-31 02:30:21.348598+00
201951f7-2a61-4e38-a1f3-05de97a9b60f,Kind of Blue,Miles Davis,f6fb7bbc-b40c-4cd8-b4bd-45cc6e9092cd,26e329d9-0a0b-4e06-a53d-539cdc6ab27e,256.40,2025-12-31 02:30:21.348598+00
202f2b7b-2d7d-4f82-a113-e963d709f5eb,Kind of Blue,Miles Davis,f6fb7bbc-b40c-4cd8-b4bd-45cc6e9092cd,b43099c9-ecad-4f7e-b9ea-bb4e0fb2c5df,234.33,2025-12-31 02:30:21.348598+00
20954c30-54e0-49d2-b53a-400ea6ef2d72,Kind of Blue,Miles Davis,8396d96c-9644-4d83-8cb8-301f9942adae,b43099c9-ecad-4f7e-b9ea-bb4e0fb2c5df,240.23,2025-12-31 02:30:21.348598+00
21405cdd-2f53-4762-99dc-54136a64d5dc,Kind of Blue,Miles Davis,1f657a18-645d-4206-a431-c45e967bcb1d,b43099c9-ecad-4f7e-b9ea-bb4e0fb2c5df,298.24,2025-12-31 02:30:21.348598+00
23450342-5112-4ef0-b460-4d6275e06d97,The Shape of Jazz to Come,Ornette Coleman,b0718b04-1517-4669-97d3-13b27e79d549,469b8cb4-5be0-4c27-993f-02f9dc8e1142,269.66,2025-12-31 02:30:21.348598+00
245d7988-44ae-4e0f-941a-ad3b0ca36bd8,Kind of Blue,Miles Davis,f6fb7bbc-b40c-4cd8-b4bd-45cc6e9092cd,469b8cb4-5be0-4c27-993f-02f9dc8e1142,293.75,2025-12-31 02:30:21.348598+00
24a24800-2acb-4c30-a18b-f7313fcf4ffb,Kind of Blue,Miles Davis,8396d96c-9644-4d83-8cb8-301f9942adae,682957ea-82cf-494b-bca1-3ec2e2938d22,218.84,2025-12-31 02:30:21.348598+00
2634ffc8-f7ef-4778-9c69-c828d7aae042,Kind of Blue,Miles Davis,f6fb7bbc-b40c-4cd8-b4bd-45cc6e9092cd,a6debdad-89fb-428d-ba80-e4d1f83b2478,296.88,2025-12-31 02:30:21.348598+00
269840bf-78f8-479d-aa44-f40e7a517051,Kind of Blue,Miles Davis,8396d96c-9644-4d83-8cb8-301f9942adae,ed63136a-6ed0-4052-8174-655ecb4bb270,221.78,2025-12-31 02:30:21.348598+00
26ea2f11-f279-489a-a2a6-acfa16b7fec1,Kind of Blue,Miles Davis,88924d51-0155-440a-af84-03da159966e6,682957ea-82cf-494b-bca1-3ec2e2938d22,265.84,2025-12-31 02:30:21.348598+00
26f35ccb-71bd-4f25-9e94-c2b6b5ce2cf9,Kind of Blue,Miles Davis,b626e1a0-234f-4542-ae67-47a2fbc68dd6,437d32dc-cc1c-4680-81b9-8e556f48b25d,204.64,2025-12-31 02:30:21.348598+00
280c73c4-7f29-4bd1-8ea3-785791a03719,The Shape of Jazz to Come,Ornette Coleman,8396d96c-9644-4d83-8cb8-301f9942adae,26626d7c-16dd-489e-a86e-72a4e850df94,249.79,2025-12-31 02:30:21.348598+00
2c8d8eb0-4392-4cc4-a188-e5aa0dae2b64,Kind of Blue,Miles Davis,8396d96c-9644-4d83-8cb8-301f9942adae,ed63136a-6ed0-4052-8174-655ecb4bb270,221.78,2025-12-31 02:30:21.348598+00
2cbc768f-fc4f-41ff-82e3-ba2d607415cd,Kind of Blue,Miles Davis,8396d96c-9644-4d83-8cb8-301f9942adae,45283569-b17c-47e4-aee1-6094fc0bfa1a,295.42,2025-12-31 02:30:21.348598+00
2d5348f9-3b90-421e-b87d-d0543e60ddc9,Kind of Blue,Miles Davis,f6fb7bbc-b40c-4cd8-b4bd-45cc6e9092cd,a6debdad-89fb-428d-ba80-e4d1f83b2478,296.88,2025-12-31 02:30:21.348598+00
2dfdbccd-c2b8-461c-ab56-b0b241f97e57,Kind of Blue,Miles Davis,b626e1a0-234f-4542-ae67-47a2fbc68dd6,469b8cb4-5be0-4c27-993f-02f9dc8e1142,272.93,2025-12-31 02:30:21.348598+00
2e78b506-e595-494b-a067-2ce4da490769,Kind of Blue,Miles Davis,f6fb7bbc-b40c-4cd8-b4bd-45cc6e9092cd,a6debdad-89fb-428d-ba80-e4d1f83b2478,286.04,2025-12-31 02:30:21.348598+00
2ec007c1-1e73-4ee5-adfb-9aa9e3ebc374,Kind of Blue,Miles Davis,88924d51-0155-440a-af84-03da159966e6,b43099c9-ecad-4f7e-b9ea-bb4e0fb2c5df,261.27,2025-12-31 02:30:21.348598+00
31596fe2-c197-41dc-8b0f-36c1a17aa82f,Saxophone Colossus,Sonny Rollins,ce7b1985-50d6-4f25-9d77-44b8b78b0eaa,437d32dc-cc1c-4680-81b9-8e556f48b25d,128.24,2025-12-31 02:30:21.348598+00
32516d1f-7ea8-49e2-86c7-7755e48b6677,Kind of Blue,Miles Davis,00c84845-688e-4378-93d3-be194c67ffef,469b8cb4-5be0-4c27-993f-02f9dc8e1142,204.47,2025-12-31 02:30:21.348598+00
32a61d5e-7c53-40ef-b899-49b38c07eed8,My Favorite Things,John Coltrane,8396d96c-9644-4d83-8cb8-301f9942adae,71f29542-8080-49bd-8e35-79db47cd1ec4,64.91,2025-12-31 02:30:21.348598+00
33b57e4d-3e8f-4e0e-9a58-5bc9feac0f07,Maiden Voyage,Herbie Hancock,ce7b1985-50d6-4f25-9d77-44b8b78b0eaa,26626d7c-16dd-489e-a86e-72a4e850df94,150.93,2025-12-31 02:30:21.348598+00
33b789ab-5fd6-45d1-a1e8-14a7cbc837d7,Kind of Blue,Miles Davis,b0718b04-1517-4669-97d3-13b27e79d549,437d32dc-cc1c-4680-81b9-8e556f48b25d,235.19,2025-12-31 02:30:21.348598+00
33c158c5-ec92-4315-b7c0-ab6f2915b9d9,Kind of Blue,Miles Davis,f6fb7bbc-b40c-4cd8-b4bd-45cc6e9092cd,a6debdad-89fb-428d-ba80-e4d1f83b2478,296.88,2025-12-31 02:30:21.348598+00
33c65de4-c31b-4a23-9aeb-64ac72d75942,Kind of Blue,Miles Davis,b0718b04-1517-4669-97d3-13b27e79d549,469b8cb4-5be0-4c27-993f-02f9dc8e1142,269.87,2025-12-31 02:30:21.348598+00
33e5f937-4401-43d7-bbac-cba6393698ab,Kind of Blue,Miles Davis,ce7b1985-50d6-4f25-9d77-44b8b78b0eaa,71f29542-8080-49bd-8e35-79db47cd1ec4,299.79,2025-12-31 02:30:21.348598+00
33f9d768-3de9-4624-8b78-4c94252b9c88,Kind of Blue,Miles Davis,8396d96c-9644-4d83-8cb8-301f9942adae,45283569-b17c-47e4-aee1-6094fc0bfa1a,295.42,2025-12-31 02:30:21.348598+00
345b5e4e-9f4b-4bd1-afad-0bec7f9d41c3,Kind of Blue,Miles Davis,b626e1a0-234f-4542-ae67-47a2fbc68dd6,71f29542-8080-49bd-8e35-79db47cd1ec4,291.68,2025-12-31 02:30:21.348598+00
357cd214-59ec-415c-aef1-139da3f75fd7,Brilliant Corners,Thelonious Monk,8396d96c-9644-4d83-8cb8-301f9942adae,26626d7c-16dd-489e-a86e-72a4e850df94,113.84,2025-12-31 02:30:21.348598+00
35e4f50c-03be-4a11-b3f7-a8abafeb8ccf,Kind of Blue,Miles Davis,8396d96c-9644-4d83-8cb8-301f9942adae,26e329d9-0a0b-4e06-a53d-539cdc6ab27e,280.90,2025-12-31 02:30:21.348598+00
36132398-0c4f-452d-a300-fe2d6a448f8f,Kind of Blue,Miles Davis,b0718b04-1517-4669-97d3-13b27e79d549,a6debdad-89fb-428d-ba80-e4d1f83b2478,272.58,2025-12-31 02:30:21.348598+00
374708d8-5275-4686-9208-fd71999ba025,The Epic,Kamasi Washington,ce7b1985-50d6-4f25-9d77-44b8b78b0eaa,45283569-b17c-47e4-aee1-6094fc0bfa1a,42.06,2025-12-31 02:30:21.348598+00
38335a53-e95b-4acc-99fb-ef85ca682e0e,Kind of Blue,Miles Davis,b626e1a0-234f-4542-ae67-47a2fbc68dd6,469b8cb4-5be0-4c27-993f-02f9dc8e1142,272.93,2025-12-31 02:30:21.348598+00
39281db9-fe97-45d8-b883-58c8782d7f3e,Kind of Blue,Miles Davis,ce7b1985-50d6-4f25-9d77-44b8b78b0eaa,b43099c9-ecad-4f7e-b9ea-bb4e0fb2c5df,252.17,2025-12-31 02:30:21.348598+00
3a2592b5-7cee-44c2-8c30-612aeb79d186,Kind of Blue,Miles Davis,1f657a18-645d-4206-a431-c45e967bcb1d,469b8cb4-5be0-4c27-993f-02f9dc8e1142,201.20,2025-12-31 02:30:21.348598+00
3ab44697-78ba-493f-9514-ee3a3a5fd8f9,Kind of Blue,Miles Davis,f6fb7bbc-b40c-4cd8-b4bd-45cc6e9092cd,26e329d9-0a0b-4e06-a53d-539cdc6ab27e,281.39,2025-12-31 02:30:21.348598+00
3ad58ee3-21dd-4f0b-9f92-63e5f10fdf79,Kind of Blue,Miles Davis,b626e1a0-234f-4542-ae67-47a2fbc68dd6,437d32dc-cc1c-4680-81b9-8e556f48b25d,273.68,2025-12-31 02:30:21.348598+00
3b648eca-4cab-4d7c-bd15-ca677ddc0ada,Kind of Blue,Miles Davis,1f657a18-645d-4206-a431-c45e967bcb1d,a6debdad-89fb-428d-ba80-e4d1f83b2478,228.84,2025-12-31 02:30:21.348598+00
3b733ccf-cef6-4170-bfbd-8b1d25224a65,Kind of Blue,Miles Davis,b0718b04-1517-4669-97d3-13b27e79d549,26e329d9-0a0b-4e06-a53d-539cdc6ab27e,281.39,2025-12-31 02:30:21.348598+00
3c8967f7-ac43-4fd7-bb80-39dcb0a131e4,Kind of Blue,Miles Davis,b626e1a0-234f-4542-ae67-47a2fbc68dd6,71f29542-8080-49bd-8e35-79db47cd1ec4,286.70,2025-12-31 02:30:21.348598+00
3d0ffb92-944a-4bdb-ab46-ced874c61ed6,Kind of Blue,Miles Davis,8396d96c-9644-4d83-8cb8-301f9942adae,45283569-b17c-47e4-aee1-6094fc0bfa1a,295.42,2025-12-31 02:30:21.348598+00
3d8a944e-8b3d-48c9-8590-380117399480,Kind of Blue,Miles Davis,8396d96c-9644-4d83-8cb8-301f9942adae,469b8cb4-5be0-4c27-993f-02f9dc8e1142,204.68,2025-12-31 02:30:21.348598+00
3e873488-660f-4c3e-bd9a-65732e1db858,Kind of Blue,Miles Davis,f6fb7bbc-b40c-4cd8-b4bd-45cc6e9092cd,ed63136a-6ed0-4052-8174-655ecb4bb270,234.33,2025-12-31 02:30:21.348598+00
3f4e49ab-62a6-40fe-84e0-d9aaa2f3ac04,Kind of Blue,Miles Davis,b626e1a0-234f-4542-ae67-47a2fbc68dd6,469b8cb4-5be0-4c27-993f-02f9dc8e1142,272.93,2025-12-31 02:30:21.348598+00
3f58d2fc-e56f-47b7-b46c-4af9bc32b545,Kind of Blue,Miles Davis,b0718b04-1517-4669-97d3-13b27e79d549,a6debdad-89fb-428d-ba80-e4d1f83b2478,269.85,2025-12-31 02:30:21.348598+00
4090094c-b498-4175-b9e4-8df0d9a9f429,Kind of Blue,Miles Davis,ce7b1985-50d6-4f25-9d77-44b8b78b0eaa,b43099c9-ecad-4f7e-b9ea-bb4e0fb2c5df,252.17,2025-12-31 02:30:21.348598+00
413087d0-3691-479a-8bd0-a9860f8dd578,Kind of Blue,Miles Davis,88924d51-0155-440a-af84-03da159966e6,b43099c9-ecad-4f7e-b9ea-bb4e0fb2c5df,249.27,2025-12-31 02:30:21.348598+00
42859009-bc9d-4536-b4cf-ce117e15ab01,Kind of Blue,Miles Davis,8396d96c-9644-4d83-8cb8-301f9942adae,682957ea-82cf-494b-bca1-3ec2e2938d22,281.36,2025-12-31 02:30:21.348598+00
440874df-b330-4d6a-b724-e7bd443bd2c0,Kind of Blue,Miles Davis,b0718b04-1517-4669-97d3-13b27e79d549,682957ea-82cf-494b-bca1-3ec2e2938d22,281.36,2025-12-31 02:30:21.348598+00
44bcd99e-8008-4e67-b61e-f066f5d4bada,Kind of Blue,Miles Davis,8396d96c-9644-4d83-8cb8-301f9942adae,45283569-b17c-47e4-aee1-6094fc0bfa1a,295.42,2025-12-31 02:30:21.348598+00
45db2f7b-bf5e-47e3-ba6b-2fbb408a3ab8,Kind of Blue,Miles Davis,b626e1a0-234f-4542-ae67-47a2fbc68dd6,45283569-b17c-47e4-aee1-6094fc0bfa1a,242.06,2025-12-31 02:30:21.348598+00
475ecb76-5698-4e99-a416-d52bb91e8d22,Kind of Blue,Miles Davis,f6fb7bbc-b40c-4cd8-b4bd-45cc6e9092cd,45283569-b17c-47e4-aee1-6094fc0bfa1a,287.11,2025-12-31 02:30:21.348598+00
477b2158-c6b6-4524-8c88-00af98058237,Kind of Blue,Miles Davis,8396d96c-9644-4d83-8cb8-301f9942adae,682957ea-82cf-494b-bca1-3ec2e2938d22,281.36,2025-12-31 02:30:21.348598+00
49218d5c-ad45-475f-a9ad-8d86b1f79473,Ah Um,Charles Mingus,b0718b04-1517-4669-97d3-13b27e79d549,a6debdad-89fb-428d-ba80-e4d1f83b2478,108.99,2025-12-31 02:30:21.348598+00
4b8c58d1-cb0b-4c14-92a6-07090240451c,Kind of Blue,Miles Davis,8396d96c-9644-4d83-8cb8-301f9942adae,ed63136a-6ed0-4052-8174-655ecb4bb270,221.78,2025-12-31 02:30:21.348598+00
4c2c5433-531f-43ef-aeb6-f883089c2448,Saxophone Colossus,Sonny Rollins,8396d96c-9644-4d83-8cb8-301f9942adae,26626d7c-16dd-489e-a86e-72a4e850df94,158.15,2025-12-31 02:30:21.348598+00
4c83433f-fb25-46df-8463-2f895b87da52,Kind of Blue,Miles Davis,1f657a18-645d-4206-a431-c45e967bcb1d,682957ea-82cf-494b-bca1-3ec2e2938d22,265.84,2025-12-31 02:30:21.348598+00
4dc112e2-963b-4308-a62a-a2175ece0c37,Kind of Blue,Miles Davis,ce7b1985-50d6-4f25-9d77-44b8b78b0eaa,b43099c9-ecad-4f7e-b9ea-bb4e0fb2c5df,252.17,2025-12-31 02:30:21.348598+00
4e2cdcce-004e-4063-b77c-2180a9fd8062,The Shape of Jazz to Come,Ornette Coleman,8396d96c-9644-4d83-8cb8-301f9942adae,a6debdad-89fb-428d-ba80-e4d1f83b2478,257.48,2025-12-31 02:30:21.348598+00
4ecd08eb-b1bf-48d6-b9b8-f0ad8bc9e6d2,Kind of Blue,Miles Davis,b0718b04-1517-4669-97d3-13b27e79d549,682957ea-82cf-494b-bca1-3ec2e2938d22,275.69,2025-12-31 02:30:21.348598+00
4edf7488-528c-4bcc-b095-3671d95128c8,Kind of Blue,Miles Davis,b0718b04-1517-4669-97d3-13b27e79d549,26e329d9-0a0b-4e06-a53d-539cdc6ab27e,256.40,2025-12-31 02:30:21.348598+00
4f121a05-3fd4-4b98-82c2-2589df3a9d32,The Inner Mounting Flame,Mahavishnu Orchestra,8396d96c-9644-4d83-8cb8-301f9942adae,ed63136a-6ed0-4052-8174-655ecb4bb270,54.43,2025-12-31 02:30:21.348598+00
4ff82cec-ab4f-4fa4-9f64-3a101b89c225,Midnight Blue,Kenny Burrell,70a76012-6212-49ff-a125-603de72b02ed,26626d7c-16dd-489e-a86e-72a4e850df94,68.64,2025-12-31 02:30:21.348598+00
528f12fb-eb3d-4a85-bde9-07679d0b2241,Kind of Blue,Miles Davis,f6fb7bbc-b40c-4cd8-b4bd-45cc6e9092cd,45283569-b17c-47e4-aee1-6094fc0bfa1a,290.04,2025-12-31 02:30:21.348598+00
53a0e0a0-3066-41cf-813f-85ac8bdc3140,Kind of Blue,Miles Davis,b0718b04-1517-4669-97d3-13b27e79d549,437d32dc-cc1c-4680-81b9-8e556f48b25d,220.59,2025-12-31 02:30:21.348598+00
53c18d38-fea2-453e-840b-37cf15b86ed2,Midnight Serenade,Fictional Jazz Trio,8396d96c-9644-4d83-8cb8-301f9942adae,26626d7c-16dd-489e-a86e-72a4e850df94,22.06,2025-12-31 02:30:21.348598+00
555433da-9e27-48a5-8f6a-e71a8ba97699,Kind of Blue,Miles Davis,b0718b04-1517-4669-97d3-13b27e79d549,ed63136a-6ed0-4052-8174-655ecb4bb270,262.15,2025-12-31 02:30:21.348598+00
55e0b4f8-86b7-4405-9ca0-4ed36ea5b4a0,Kind of Blue,Miles Davis,8396d96c-9644-4d83-8cb8-301f9942adae,437d32dc-cc1c-4680-81b9-8e556f48b25d,240.56,2025-12-31 02:30:21.348598+00
570ec800-0754-48cd-9f44-719424206f9b,Kind of Blue,Miles Davis,70a76012-6212-49ff-a125-603de72b02ed,469b8cb4-5be0-4c27-993f-02f9dc8e1142,204.47,2025-12-31 02:30:21.348598+00
57b682e0-1f8d-4dce-967e-61ab37e4e08f,Kind of Blue,Miles Davis,f6fb7bbc-b40c-4cd8-b4bd-45cc6e9092cd,a6debdad-89fb-428d-ba80-e4d1f83b2478,286.04,2025-12-31 02:30:21.348598+00
5818a25a-cc16-46b3-ae9c-9af33ba4ba0e,Kind of Blue,Miles Davis,70a76012-6212-49ff-a125-603de72b02ed,469b8cb4-5be0-4c27-993f-02f9dc8e1142,272.93,2025-12-31 02:30:21.348598+00
59a65f61-a933-4e9b-992a-a00748d36698,Kind of Blue,Miles Davis,f6fb7bbc-b40c-4cd8-b4bd-45cc6e9092cd,b43099c9-ecad-4f7e-b9ea-bb4e0fb2c5df,234.33,2025-12-31 02:30:21.348598+00
5b28c575-f4a8-4181-b2ba-b89c6e3bc5e5,Kind of Blue,Miles Davis,b0718b04-1517-4669-97d3-13b27e79d549,ed63136a-6ed0-4052-8174-655ecb4bb270,262.15,2025-12-31 02:30:21.348598+00
5ce59155-1d58-4948-b13f-7c67024cf7fb,Kind of Blue,Miles Davis,1f657a18-645d-4206-a431-c45e967bcb1d,ed63136a-6ed0-4052-8174-655ecb4bb270,234.33,2025-12-31 02:30:21.348598+00
5d3355e5-9fa3-45a5-bc62-e37cd38a9184,Kind of Blue,Miles Davis,ce7b1985-50d6-4f25-9d77-44b8b78b0eaa,437d32dc-cc1c-4680-81b9-8e556f48b25d,262.11,2025-12-31 02:30:21.348598+00
60f5d49f-9082-4883-a45a-0f1cf396ba5b,Kind of Blue,Miles Davis,b626e1a0-234f-4542-ae67-47a2fbc68dd6,45283569-b17c-47e4-aee1-6094fc0bfa1a,265.73,2025-12-31 02:30:21.348598+00
61acf8ed-2e49-4fbe-b3e2-b3a64e815767,Kind of Blue,Miles Davis,00c84845-688e-4378-93d3-be194c67ffef,469b8cb4-5be0-4c27-993f-02f9dc8e1142,204.47,2025-12-31 02:30:21.348598+00
62573d48-98ca-4b44-a6a3-d4973295f591,Kind of Blue,Miles Davis,b0718b04-1517-4669-97d3-13b27e79d549,45283569-b17c-47e4-aee1-6094fc0bfa1a,292.05,2025-12-31 02:30:21.348598+00
629933d1-cfce-4c98-ac53-cca7b9953d53,Kind of Blue,Miles Davis,8396d96c-9644-4d83-8cb8-301f9942adae,26e329d9-0a0b-4e06-a53d-539cdc6ab27e,289.06,2025-12-31 02:30:21.348598+00
65059bd8-350e-4537-a8c1-73eccffb0b51,Kind of Blue,Miles Davis,1f657a18-645d-4206-a431-c45e967bcb1d,ed63136a-6ed0-4052-8174-655ecb4bb270,234.33,2025-12-31 02:30:21.348598+00
650a6218-d4f4-4b31-997f-ad24c578db26,Kind of Blue,Miles Davis,8396d96c-9644-4d83-8cb8-301f9942adae,437d32dc-cc1c-4680-81b9-8e556f48b25d,275.40,2025-12-31 02:30:21.348598+00
66c16aa0-6f0e-429b-8232-6f05814b982d,My Funny Valentine,Chet Baker,88924d51-0155-440a-af84-03da159966e6,b43099c9-ecad-4f7e-b9ea-bb4e0fb2c5df,79.54,2025-12-31 02:30:21.348598+00
66c6166e-6a39-44cb-b1f2-49ca6a30fa36,Kind of Blue,Miles Davis,f6fb7bbc-b40c-4cd8-b4bd-45cc6e9092cd,b43099c9-ecad-4f7e-b9ea-bb4e0fb2c5df,272.93,2025-12-31 02:30:21.348598+00
673d574c-f5d7-4ec6-942f-98de84b5b010,Kind of Blue,Miles Davis,1f657a18-645d-4206-a431-c45e967bcb1d,45283569-b17c-47e4-aee1-6094fc0bfa1a,240.23,2025-12-31 02:30:21.348598+00
67b19531-2cda-4fcf-9fd4-7369b3f7e39b,Kind of Blue,Miles Davis,1f657a18-645d-4206-a431-c45e967bcb1d,45283569-b17c-47e4-aee1-6094fc0bfa1a,240.23,2025-12-31 02:30:21.348598+00
694c6e68-69a2-4f9a-94d0-70dfcc0710fe,The Epic,Kamasi Washington,1f657a18-645d-4206-a431-c45e967bcb1d,437d32dc-cc1c-4680-81b9-8e556f48b25d,53.66,2025-12-31 02:30:21.348598+00
6975d0b1-05e0-4188-b906-42ffd463728f,Kind of Blue,Miles Davis,88924d51-0155-440a-af84-03da159966e6,469b8cb4-5be0-4c27-993f-02f9dc8e1142,226.54,2025-12-31 02:30:21.348598+00
6a5c3554-9eac-43af-8123-ab9e00c76b2a,My Favorite Things,John Coltrane,b0718b04-1517-4669-97d3-13b27e79d549,26e329d9-0a0b-4e06-a53d-539cdc6ab27e,68.32,2025-12-31 02:30:21.348598+00
6ace4a92-52bb-4a16-94bd-98d5d843a5e5,Kind of Blue,Miles Davis,b626e1a0-234f-4542-ae67-47a2fbc68dd6,71f29542-8080-49bd-8e35-79db47cd1ec4,291.68,2025-12-31 02:30:21.348598+00
6ae89f70-c822-4074-819a-1d4b06d627b7,Kind of Blue,Miles Davis,f6fb7bbc-b40c-4cd8-b4bd-45cc6e9092cd,469b8cb4-5be0-4c27-993f-02f9dc8e1142,293.75,2025-12-31 02:30:21.348598+00
6beeb73b-f5be-4a7c-88ba-9531f9ded1fa,Kind of Blue,Miles Davis,8396d96c-9644-4d83-8cb8-301f9942adae,26e329d9-0a0b-4e06-a53d-539cdc6ab27e,217.40,2025-12-31 02:30:21.348598+00
6bfbafe1-00d2-4d5b-afe2-b75d8df580fc,Kind of Blue,Miles Davis,00c84845-688e-4378-93d3-be194c67ffef,469b8cb4-5be0-4c27-993f-02f9dc8e1142,204.47,2025-12-31 02:30:21.348598+00
6c3be2e0-1a0c-4a0b-bde8-4e3f9f26544f,Kind of Blue,Miles Davis,b626e1a0-234f-4542-ae67-47a2fbc68dd6,437d32dc-cc1c-4680-81b9-8e556f48b25d,273.68,2025-12-31 02:30:21.348598+00
6d4ac659-f7c7-4299-86b5-831efb8a5ac4,Maiden Voyage,Herbie Hancock,1f657a18-645d-4206-a431-c45e967bcb1d,a6debdad-89fb-428d-ba80-e4d1f83b2478,172.93,2025-12-31 02:30:21.348598+00
6dadddfe-2773-46bf-b9cd-3667ee64a4d5,Kind of Blue,Miles Davis,88924d51-0155-440a-af84-03da159966e6,b43099c9-ecad-4f7e-b9ea-bb4e0fb2c5df,286.97,2025-12-31 02:30:21.348598+00
6dcb65b8-4d73-4c73-8639-e7fd5f9d5667,Kind of Blue,Miles Davis,b0718b04-1517-4669-97d3-13b27e79d549,45283569-b17c-47e4-aee1-6094fc0bfa1a,269.89,2025-12-31 02:30:21.348598+00
6ed481ba-a7c9-442d-81a6-10d433d366dd,Ah Um,Charles Mingus,b626e1a0-234f-4542-ae67-47a2fbc68dd6,a6debdad-89fb-428d-ba80-e4d1f83b2478,105.47,2025-12-31 02:30:21.348598+00
6f1ac4ec-2c02-4bed-81ce-06fe25b2856d,Kind of Blue,Miles Davis,b0718b04-1517-4669-97d3-13b27e79d549,26e329d9-0a0b-4e06-a53d-539cdc6ab27e,256.40,2025-12-31 02:30:21.348598+00
6fa42656-88f4-4b2f-95a3-701d9063a1b7,Love Hurts,Julian Lage,b0718b04-1517-4669-97d3-13b27e79d549,45283569-b17c-47e4-aee1-6094fc0bfa1a,31.06,2025-12-31 02:30:21.348598+00
701d7bf7-d0b3-48bd-b3c7-8077310d8b77,Kind of Blue,Miles Davis,ce7b1985-50d6-4f25-9d77-44b8b78b0eaa,45283569-b17c-47e4-aee1-6094fc0bfa1a,292.05,2025-12-31 02:30:21.348598+00
713701b5-30c7-4dea-95a4-79b1886febbf,Kind of Blue,Miles Davis,b0718b04-1517-4669-97d3-13b27e79d549,ed63136a-6ed0-4052-8174-655ecb4bb270,262.15,2025-12-31 02:30:21.348598+00
741961cc-6e08-47e8-8295-d8741ca5239d,Kind of Blue,Miles Davis,8396d96c-9644-4d83-8cb8-301f9942adae,26626d7c-16dd-489e-a86e-72a4e850df94,293.71,2025-12-31 02:30:21.348598+00
7429acab-5319-49b2-b51b-14bda6d3f034,Kind of Blue,Miles Davis,f6fb7bbc-b40c-4cd8-b4bd-45cc6e9092cd,b43099c9-ecad-4f7e-b9ea-bb4e0fb2c5df,234.33,2025-12-31 02:30:21.348598+00
75079f64-872f-419b-8755-29df5c7948c4,Kind of Blue,Miles Davis,b0718b04-1517-4669-97d3-13b27e79d549,45283569-b17c-47e4-aee1-6094fc0bfa1a,202.97,2025-12-31 02:30:21.348598+00
76a05ae7-3c51-4aa8-b25c-673a86c0ed87,Kind of Blue,Miles Davis,f6fb7bbc-b40c-4cd8-b4bd-45cc6e9092cd,a6debdad-89fb-428d-ba80-e4d1f83b2478,296.88,2025-12-31 02:30:21.348598+00
77640067-8694-433d-8027-ebf7ff8f441b,Kind of Blue,Miles Davis,ce7b1985-50d6-4f25-9d77-44b8b78b0eaa,45283569-b17c-47e4-aee1-6094fc0bfa1a,292.05,2025-12-31 02:30:21.348598+00
776aeeed-5437-44d9-b0ae-1b33b450514f,Kind of Blue,Miles Davis,8396d96c-9644-4d83-8cb8-301f9942adae,ed63136a-6ed0-4052-8174-655ecb4bb270,243.61,2025-12-31 02:30:21.348598+00
77b3d47e-a1c7-429b-a4a7-2f203c0c9afc,Kind of Blue,Miles Davis,70a76012-6212-49ff-a125-603de72b02ed,26e329d9-0a0b-4e06-a53d-539cdc6ab27e,211.75,2025-12-31 02:30:21.348598+00
77d2f6ff-41e5-45a7-8829-0136b30d22c6,Kind of Blue,Miles Davis,b626e1a0-234f-4542-ae67-47a2fbc68dd6,682957ea-82cf-494b-bca1-3ec2e2938d22,242.45,2025-12-31 02:30:21.348598+00
79d4e35d-fb7f-498e-bae0-5bf73037114d,Kind of Blue,Miles Davis,88924d51-0155-440a-af84-03da159966e6,469b8cb4-5be0-4c27-993f-02f9dc8e1142,226.54,2025-12-31 02:30:21.348598+00
7b974718-a0e7-487c-aca6-e55358f0a03f,In a Silent Way,Miles Davis,b0718b04-1517-4669-97d3-13b27e79d549,a6debdad-89fb-428d-ba80-e4d1f83b2478,102.32,2025-12-31 02:30:21.348598+00
7c7f1fbe-6a57-4d3c-8a95-c7f9bb62f81e,Kind of Blue,Miles Davis,ce7b1985-50d6-4f25-9d77-44b8b78b0eaa,437d32dc-cc1c-4680-81b9-8e556f48b25d,262.11,2025-12-31 02:30:21.348598+00
7d57f489-44f3-4aae-b1d0-62638474c6a8,Kind of Blue,Miles Davis,88924d51-0155-440a-af84-03da159966e6,682957ea-82cf-494b-bca1-3ec2e2938d22,265.84,2025-12-31 02:30:21.348598+00
7db6010c-6c6f-4129-8f02-dba3d7f880a1,Kind of Blue,Miles Davis,8396d96c-9644-4d83-8cb8-301f9942adae,71f29542-8080-49bd-8e35-79db47cd1ec4,232.06,2025-12-31 02:30:21.348598+00
7e2d4cf8-63dd-4d9a-b8a0-15e38077b9ca,Kind of Blue,Miles Davis,b626e1a0-234f-4542-ae67-47a2fbc68dd6,437d32dc-cc1c-4680-81b9-8e556f48b25d,218.47,2025-12-31 02:30:21.348598+00
7e94b5d5-5771-4828-95c7-98c42dce64f5,Kind of Blue,Miles Davis,00c84845-688e-4378-93d3-be194c67ffef,469b8cb4-5be0-4c27-993f-02f9dc8e1142,204.62,2025-12-31 02:30:21.348598+00
7efb0269-f9d6-4fb6-a625-9b6d48eac4e2,The Emancipation Procrastination,Christian Scott aTunde Adjuah,00c84845-688e-4378-93d3-be194c67ffef,26e329d9-0a0b-4e06-a53d-539cdc6ab27e,40.67,2025-12-31 02:30:21.348598+00
7fbcf5f3-c846-4dc7-a52e-9d696a66c12d,The Shape of Jazz to Come,Ornette Coleman,88924d51-0155-440a-af84-03da159966e6,469b8cb4-5be0-4c27-993f-02f9dc8e1142,232.06,2025-12-31 02:30:21.348598+00
80f83f5c-b6ef-4d5a-b942-0897e4f0d82d,Maiden Voyage,Herbie Hancock,70a76012-6212-49ff-a125-603de72b02ed,ed63136a-6ed0-4052-8174-655ecb4bb270,139.75,2025-12-31 02:30:21.348598+00
81d45411-573d-49c0-adb2-58f8cf7389bd,Kind of Blue,Miles Davis,f6fb7bbc-b40c-4cd8-b4bd-45cc6e9092cd,26e329d9-0a0b-4e06-a53d-539cdc6ab27e,281.39,2025-12-31 02:30:21.348598+00
822c5534-475d-4b30-9f49-d09baae02db5,Kind of Blue,Miles Davis,f6fb7bbc-b40c-4cd8-b4bd-45cc6e9092cd,71f29542-8080-49bd-8e35-79db47cd1ec4,269.75,2025-12-31 02:30:21.348598+00
834088f9-1775-4729-b504-068438ae16af,Kind of Blue,Miles Davis,8396d96c-9644-4d83-8cb8-301f9942adae,71f29542-8080-49bd-8e35-79db47cd1ec4,232.06,2025-12-31 02:30:21.348598+00
835a4bd6-c13a-4e03-b165-041b9631b9ce,Kind of Blue,Miles Davis,00c84845-688e-4378-93d3-be194c67ffef,469b8cb4-5be0-4c27-993f-02f9dc8e1142,204.47,2025-12-31 02:30:21.348598+00
8360bc7d-077c-44fd-b551-9cc9a59f7b3d,Kind of Blue,Miles Davis,88924d51-0155-440a-af84-03da159966e6,469b8cb4-5be0-4c27-993f-02f9dc8e1142,226.54,2025-12-31 02:30:21.348598+00
852d0067-664b-4084-9df0-f6bb4dd869d0,Kind of Blue,Miles Davis,8396d96c-9644-4d83-8cb8-301f9942adae,b43099c9-ecad-4f7e-b9ea-bb4e0fb2c5df,284.14,2025-12-31 02:30:21.348598+00
853ad750-f07a-43fa-930c-3d03b4bc7762,Kind of Blue,Miles Davis,1f657a18-645d-4206-a431-c45e967bcb1d,ed63136a-6ed0-4052-8174-655ecb4bb270,234.33,2025-12-31 02:30:21.348598+00
858e290a-63e5-4ff7-90fb-956c2dd0f7c3,Kind of Blue,Miles Davis,8396d96c-9644-4d83-8cb8-301f9942adae,682957ea-82cf-494b-bca1-3ec2e2938d22,281.36,2025-12-31 02:30:21.348598+00
8659e95e-a5b6-4ea4-9c38-c7965c015d0e,Saxophone Colossus,Sonny Rollins,1f657a18-645d-4206-a431-c45e967bcb1d,71f29542-8080-49bd-8e35-79db47cd1ec4,105.12,2025-12-31 02:30:21.348598+00
887aa7dc-8654-472e-b64b-fec9ba96eb50,Kind of Blue,Miles Davis,8396d96c-9644-4d83-8cb8-301f9942adae,26626d7c-16dd-489e-a86e-72a4e850df94,272.07,2025-12-31 02:30:21.348598+00
88fee888-e8cf-4f34-9a7b-cc06d53e6f16,Kind of Blue,Miles Davis,b626e1a0-234f-4542-ae67-47a2fbc68dd6,b43099c9-ecad-4f7e-b9ea-bb4e0fb2c5df,249.27,2025-12-31 02:30:21.348598+00
8a8e3826-55c2-43e6-b333-46c5937af504,Kind of Blue,Miles Davis,88924d51-0155-440a-af84-03da159966e6,26e329d9-0a0b-4e06-a53d-539cdc6ab27e,281.39,2025-12-31 02:30:21.348598+00
8b193910-f414-4ee1-8884-4c1640d4baf7,Kind of Blue,Miles Davis,b626e1a0-234f-4542-ae67-47a2fbc68dd6,71f29542-8080-49bd-8e35-79db47cd1ec4,291.68,2025-12-31 02:30:21.348598+00
8bd9e03b-95f8-4338-9fc8-5e6baa72f0ce,Kind of Blue,Miles Davis,b0718b04-1517-4669-97d3-13b27e79d549,a6debdad-89fb-428d-ba80-e4d1f83b2478,286.81,2025-12-31 02:30:21.348598+00
8c5b7fc1-03ff-4819-aea5-c7c3cfb7187f,Kind of Blue,Miles Davis,1f657a18-645d-4206-a431-c45e967bcb1d,469b8cb4-5be0-4c27-993f-02f9dc8e1142,271.69,2025-12-31 02:30:21.348598+00
8d7c77b3-344b-4662-ae8e-f620e925ddff,Kind of Blue,Miles Davis,8396d96c-9644-4d83-8cb8-301f9942adae,ed63136a-6ed0-4052-8174-655ecb4bb270,243.61,2025-12-31 02:30:21.348598+00
8d8d6bd1-9e53-4552-b464-9b1e0cdf38b1,Saxophone Colossus,Sonny Rollins,88924d51-0155-440a-af84-03da159966e6,437d32dc-cc1c-4680-81b9-8e556f48b25d,113.84,2025-12-31 02:30:21.348598+00
8ecd8b90-9187-4878-96a8-d36956f55425,Maiden Voyage,Herbie Hancock,00c84845-688e-4378-93d3-be194c67ffef,45283569-b17c-47e4-aee1-6094fc0bfa1a,104.57,2025-12-31 02:30:21.348598+00
8eebf7c2-e9ac-4550-a756-40a21b21bdf8,The Epic,Kamasi Washington,ce7b1985-50d6-4f25-9d77-44b8b78b0eaa,45283569-b17c-47e4-aee1-6094fc0bfa1a,37.95,2025-12-31 02:30:21.348598+00
8f4eda7c-14bc-4e69-9893-e644b050d6aa,The Epic,Kamasi Washington,b0718b04-1517-4669-97d3-13b27e79d549,ed63136a-6ed0-4052-8174-655ecb4bb270,49.37,2025-12-31 02:30:21.348598+00
8f869d1c-1f64-48ca-b77c-2b472a8d30ba,Kind of Blue,Miles Davis,88924d51-0155-440a-af84-03da159966e6,682957ea-82cf-494b-bca1-3ec2e2938d22,265.84,2025-12-31 02:30:21.348598+00
91fdbaf8-134c-46d8-9b02-88f521c137a6,The Black Saint and the Sinner Lady,Charles Mingus,f6fb7bbc-b40c-4cd8-b4bd-45cc6e9092cd,437d32dc-cc1c-4680-81b9-8e556f48b25d,63.63,2025-12-31 02:30:21.348598+00
91ff40f9-bd14-4618-8048-1af9c6a7359d,Kind of Blue,Miles Davis,b626e1a0-234f-4542-ae67-47a2fbc68dd6,437d32dc-cc1c-4680-81b9-8e556f48b25d,273.68,2025-12-31 02:30:21.348598+00
92e90089-aded-4d18-895b-3f06694432af,Kind of Blue,Miles Davis,ce7b1985-50d6-4f25-9d77-44b8b78b0eaa,45283569-b17c-47e4-aee1-6094fc0bfa1a,292.05,2025-12-31 02:30:21.348598+00
94657f44-3e75-475c-89bf-20444e5685ee,Kind of Blue,Miles Davis,b626e1a0-234f-4542-ae67-47a2fbc68dd6,a6debdad-89fb-428d-ba80-e4d1f83b2478,289.06,2025-12-31 02:30:21.348598+00
94abad2b-56f9-438f-bb04-51203b820380,The Epic,Kamasi Washington,8396d96c-9644-4d83-8cb8-301f9942adae,437d32dc-cc1c-4680-81b9-8e556f48b25d,54.00,2025-12-31 02:30:21.348598+00
95300a7d-e3cd-4490-86f7-29975c4a832b,Kind of Blue,Miles Davis,b0718b04-1517-4669-97d3-13b27e79d549,437d32dc-cc1c-4680-81b9-8e556f48b25d,251.52,2025-12-31 02:30:21.348598+00
96968b01-ac05-4186-84ba-a3e993880276,Kind of Blue,Miles Davis,ce7b1985-50d6-4f25-9d77-44b8b78b0eaa,a6debdad-89fb-428d-ba80-e4d1f83b2478,224.22,2025-12-31 02:30:21.348598+00
977795b6-4128-40c9-b744-94d9d236a56e,Saxophone Colossus,Sonny Rollins,88924d51-0155-440a-af84-03da159966e6,ed63136a-6ed0-4052-8174-655ecb4bb270,134.46,2025-12-31 02:30:21.348598+00
97aa45ab-42f3-47bf-8afa-33b27d51569c,Kind of Blue,Miles Davis,88924d51-0155-440a-af84-03da159966e6,437d32dc-cc1c-4680-81b9-8e556f48b25d,277.67,2025-12-31 02:30:21.348598+00
9a297cb3-1949-4ee1-aefa-273c8d4961d9,Kind of Blue,Miles Davis,70a76012-6212-49ff-a125-603de72b02ed,26e329d9-0a0b-4e06-a53d-539cdc6ab27e,211.75,2025-12-31 02:30:21.348598+00
9a314971-5865-4fe3-a0fa-70afb20aa1fe,Bitches Brew,Miles Davis,70a76012-6212-49ff-a125-603de72b02ed,469b8cb4-5be0-4c27-993f-02f9dc8e1142,277.58,2025-12-31 02:30:21.348598+00
9aeb85cc-24b1-4dec-8374-d15c14b7346a,Kind of Blue,Miles Davis,b626e1a0-234f-4542-ae67-47a2fbc68dd6,45283569-b17c-47e4-aee1-6094fc0bfa1a,242.06,2025-12-31 02:30:21.348598+00
9b2e40fb-1f86-400e-8a91-611d07f9a3c7,Kind of Blue,Miles Davis,ce7b1985-50d6-4f25-9d77-44b8b78b0eaa,a6debdad-89fb-428d-ba80-e4d1f83b2478,224.22,2025-12-31 02:30:21.348598+00
9b75621e-e680-4756-bbe3-ad77927ba7b9,Kind of Blue,Miles Davis,88924d51-0155-440a-af84-03da159966e6,437d32dc-cc1c-4680-81b9-8e556f48b25d,258.91,2025-12-31 02:30:21.348598+00
9c5e75f6-0d79-427b-9141-b1440d6e6437,Kind of Blue,Miles Davis,88924d51-0155-440a-af84-03da159966e6,469b8cb4-5be0-4c27-993f-02f9dc8e1142,226.54,2025-12-31 02:30:21.348598+00
9ed97dc5-eae0-485f-9aea-bd237a84c5cd,Kind of Blue,Miles Davis,ce7b1985-50d6-4f25-9d77-44b8b78b0eaa,45283569-b17c-47e4-aee1-6094fc0bfa1a,290.04,2025-12-31 02:30:21.348598+00
9f45ec17-49c8-494d-87e2-e55807d77462,Kind of Blue,Miles Davis,8396d96c-9644-4d83-8cb8-301f9942adae,682957ea-82cf-494b-bca1-3ec2e2938d22,281.36,2025-12-31 02:30:21.348598+00
9fbde118-e14b-45d5-8a73-947cefe75a4c,Kind of Blue,Miles Davis,ce7b1985-50d6-4f25-9d77-44b8b78b0eaa,a6debdad-89fb-428d-ba80-e4d1f83b2478,224.28,2025-12-31 02:30:21.348598+00
a1390501-efaa-4c69-b475-6886e0afaae6,Kind of Blue,Miles Davis,ce7b1985-50d6-4f25-9d77-44b8b78b0eaa,a6debdad-89fb-428d-ba80-e4d1f83b2478,224.22,2025-12-31 02:30:21.348598+00
a1cea07e-7867-4ec0-8cb8-119b13bc0d27,Kind of Blue,Miles Davis,8396d96c-9644-4d83-8cb8-301f9942adae,469b8cb4-5be0-4c27-993f-02f9dc8e1142,288.73,2025-12-31 02:30:21.348598+00
a24280b6-a16d-4f9b-a70b-bda369c5ba7d,Kind of Blue,Miles Davis,8396d96c-9644-4d83-8cb8-301f9942adae,26e329d9-0a0b-4e06-a53d-539cdc6ab27e,217.40,2025-12-31 02:30:21.348598+00
a2645ee6-82d4-4709-ba07-e2b80562d8b4,The Inner Mounting Flame,Mahavishnu Orchestra,70a76012-6212-49ff-a125-603de72b02ed,ed63136a-6ed0-4052-8174-655ecb4bb270,79.59,2025-12-31 02:30:21.348598+00
a26929d8-8e40-4290-92a3-8568ff5e7a1e,Kind of Blue,Miles Davis,b626e1a0-234f-4542-ae67-47a2fbc68dd6,26626d7c-16dd-489e-a86e-72a4e850df94,290.72,2025-12-31 02:30:21.348598+00
a335b2c6-f9d5-4fbf-ad6f-0871168c593d,Kind of Blue,Miles Davis,8396d96c-9644-4d83-8cb8-301f9942adae,71f29542-8080-49bd-8e35-79db47cd1ec4,232.06,2025-12-31 02:30:21.348598+00
a4bc8f0a-f85a-47a9-a63c-88ee9eec3dcb,Kind of Blue,Miles Davis,f6fb7bbc-b40c-4cd8-b4bd-45cc6e9092cd,469b8cb4-5be0-4c27-993f-02f9dc8e1142,234.33,2025-12-31 02:30:21.348598+00
a510a636-f25a-45f2-bbe2-87f1b091facc,Kind of Blue,Miles Davis,b0718b04-1517-4669-97d3-13b27e79d549,71f29542-8080-49bd-8e35-79db47cd1ec4,265.81,2025-12-31 02:30:21.348598+00
a5a1015e-ed56-4c06-9362-145fde7595ee,Kind of Blue,Miles Davis,b0718b04-1517-4669-97d3-13b27e79d549,437d32dc-cc1c-4680-81b9-8e556f48b25d,220.59,2025-12-31 02:30:21.348598+00
a5b10903-417b-46d8-9a09-73582dd9b8b8,Moanin',Art Blakey & The Jazz Messengers,b0718b04-1517-4669-97d3-13b27e79d549,469b8cb4-5be0-4c27-993f-02f9dc8e1142,110.87,2025-12-31 02:30:21.348598+00
a62cbaff-2911-443e-9314-872c12e2f44e,Kind of Blue,Miles Davis,f6fb7bbc-b40c-4cd8-b4bd-45cc6e9092cd,469b8cb4-5be0-4c27-993f-02f9dc8e1142,293.75,2025-12-31 02:30:21.348598+00
a6a1add5-5785-4753-8e61-97b2583f0565,Kind of Blue,Miles Davis,b0718b04-1517-4669-97d3-13b27e79d549,26e329d9-0a0b-4e06-a53d-539cdc6ab27e,256.40,2025-12-31 02:30:21.348598+00
a8e1bac9-d91b-4f16-9815-7e25034a1658,Kind of Blue,Miles Davis,ce7b1985-50d6-4f25-9d77-44b8b78b0eaa,71f29542-8080-49bd-8e35-79db47cd1ec4,299.79,2025-12-31 02:30:21.348598+00
a99187cd-2eb4-41f9-be21-8c7811b44075,Kind of Blue,Miles Davis,b626e1a0-234f-4542-ae67-47a2fbc68dd6,a6debdad-89fb-428d-ba80-e4d1f83b2478,257.48,2025-12-31 02:30:21.348598+00
a9a69d54-da75-411a-943b-00495a069156,Kind of Blue,Miles Davis,88924d51-0155-440a-af84-03da159966e6,ed63136a-6ed0-4052-8174-655ecb4bb270,269.83,2025-12-31 02:30:21.348598+00
a9f103c1-5df6-4fcb-a333-e1e94f62ea7e,Kind of Blue,Miles Davis,f6fb7bbc-b40c-4cd8-b4bd-45cc6e9092cd,469b8cb4-5be0-4c27-993f-02f9dc8e1142,293.75,2025-12-31 02:30:21.348598+00
ab1450eb-e658-40f4-969e-56c93dd99255,Kind of Blue,Miles Davis,b0718b04-1517-4669-97d3-13b27e79d549,437d32dc-cc1c-4680-81b9-8e556f48b25d,251.52,2025-12-31 02:30:21.348598+00
ac10e311-4c71-4832-b83f-5151e711ecc0,Kind of Blue,Miles Davis,ce7b1985-50d6-4f25-9d77-44b8b78b0eaa,71f29542-8080-49bd-8e35-79db47cd1ec4,268.04,2025-12-31 02:30:21.348598+00
adde367a-07c2-4e4f-80ac-066cbefb4e14,Kind of Blue,Miles Davis,b0718b04-1517-4669-97d3-13b27e79d549,45283569-b17c-47e4-aee1-6094fc0bfa1a,202.97,2025-12-31 02:30:21.348598+00
adfcdfbc-e425-4369-89d9-5f0fce695635,Kind of Blue,Miles Davis,88924d51-0155-440a-af84-03da159966e6,469b8cb4-5be0-4c27-993f-02f9dc8e1142,204.65,2025-12-31 02:30:21.348598+00
ae734fc4-5854-4bef-b04e-995e845bd408,Kind of Blue,Miles Davis,8396d96c-9644-4d83-8cb8-301f9942adae,71f29542-8080-49bd-8e35-79db47cd1ec4,232.06,2025-12-31 02:30:21.348598+00
ae8a5e6c-54c8-49b3-a3e3-3027605b553b,Kind of Blue,Miles Davis,00c84845-688e-4378-93d3-be194c67ffef,b43099c9-ecad-4f7e-b9ea-bb4e0fb2c5df,273.74,2025-12-31 02:30:21.348598+00
af253269-a370-4a0c-8f0d-fb9549786d87,Kind of Blue,Miles Davis,8396d96c-9644-4d83-8cb8-301f9942adae,437d32dc-cc1c-4680-81b9-8e556f48b25d,275.40,2025-12-31 02:30:21.348598+00
af9fc90a-c468-481a-8cdf-fa38e1eb5b1b,Ancestral Recall,Christian Scott aTunde Adjuah,8396d96c-9644-4d83-8cb8-301f9942adae,26e329d9-0a0b-4e06-a53d-539cdc6ab27e,42.14,2025-12-31 02:30:21.348598+00
b105c01a-9f35-4bb9-bcac-148a7e1b60ce,The Epic,Kamasi Washington,8396d96c-9644-4d83-8cb8-301f9942adae,a6debdad-89fb-428d-ba80-e4d1f83b2478,43.14,2025-12-31 02:30:21.348598+00
b3021e23-2c12-4527-93b6-7df944f66c46,Kind of Blue,Miles Davis,70a76012-6212-49ff-a125-603de72b02ed,26e329d9-0a0b-4e06-a53d-539cdc6ab27e,211.75,2025-12-31 02:30:21.348598+00
b4195bd4-67eb-49ca-a013-b9cf8319796e,Kind of Blue,Miles Davis,ce7b1985-50d6-4f25-9d77-44b8b78b0eaa,b43099c9-ecad-4f7e-b9ea-bb4e0fb2c5df,252.17,2025-12-31 02:30:21.348598+00
b4be6a5e-c1db-4831-b145-6fa1c2b3724d,Kind of Blue,Miles Davis,8396d96c-9644-4d83-8cb8-301f9942adae,26e329d9-0a0b-4e06-a53d-539cdc6ab27e,217.40,2025-12-31 02:30:21.348598+00
b50c7060-c57f-43b2-b7ef-e5e52c03f678,Kind of Blue,Miles Davis,ce7b1985-50d6-4f25-9d77-44b8b78b0eaa,71f29542-8080-49bd-8e35-79db47cd1ec4,299.79,2025-12-31 02:30:21.348598+00
b577d373-46ca-41c9-8a6c-64ce5e97b2fb,Kind of Blue,Miles Davis,b626e1a0-234f-4542-ae67-47a2fbc68dd6,26626d7c-16dd-489e-a86e-72a4e850df94,286.08,2025-12-31 02:30:21.348598+00
b81e90f0-5b5f-4aa7-be8a-6905f2d95147,Kind of Blue,Miles Davis,b0718b04-1517-4669-97d3-13b27e79d549,469b8cb4-5be0-4c27-993f-02f9dc8e1142,269.75,2025-12-31 02:30:21.348598+00
b920f62a-9bd2-4f07-831e-5fc7c2635daf,Kind of Blue,Miles Davis,1f657a18-645d-4206-a431-c45e967bcb1d,a6debdad-89fb-428d-ba80-e4d1f83b2478,286.04,2025-12-31 02:30:21.348598+00
b9676eac-e8ea-4f62-8214-924e38f0433a,Kind of Blue,Miles Davis,00c84845-688e-4378-93d3-be194c67ffef,b43099c9-ecad-4f7e-b9ea-bb4e0fb2c5df,273.74,2025-12-31 02:30:21.348598+00
b9c245d6-e67b-453e-83c0-bebbf4caa0ef,A Love Supreme,John Coltrane,88924d51-0155-440a-af84-03da159966e6,26e329d9-0a0b-4e06-a53d-539cdc6ab27e,224.22,2025-12-31 02:30:21.348598+00
bdb91d12-127a-45a0-8cb4-d4b3075034a3,Kind of Blue,Miles Davis,1f657a18-645d-4206-a431-c45e967bcb1d,b43099c9-ecad-4f7e-b9ea-bb4e0fb2c5df,283.47,2025-12-31 02:30:21.348598+00
be5b74fe-7561-44b7-81f9-5e0566cb4e19,The Epic,Kamasi Washington,b626e1a0-234f-4542-ae67-47a2fbc68dd6,b43099c9-ecad-4f7e-b9ea-bb4e0fb2c5df,54.76,2025-12-31 02:30:21.348598+00
be641072-02c0-4203-888b-718e80c5fcff,Kind of Blue,Miles Davis,88924d51-0155-440a-af84-03da159966e6,ed63136a-6ed0-4052-8174-655ecb4bb270,221.78,2025-12-31 02:30:21.348598+00
bf2fce8c-c75c-4170-b286-ebe17755cf58,Kind of Blue,Miles Davis,b0718b04-1517-4669-97d3-13b27e79d549,ed63136a-6ed0-4052-8174-655ecb4bb270,262.15,2025-12-31 02:30:21.348598+00
bf4f09c3-acaa-4395-94a5-6251d84ba0d6,Kind of Blue,Miles Davis,b626e1a0-234f-4542-ae67-47a2fbc68dd6,469b8cb4-5be0-4c27-993f-02f9dc8e1142,272.93,2025-12-31 02:30:21.348598+00
bf812db9-4faa-4017-8545-da596c98cc9b,Kind of Blue,Miles Davis,ce7b1985-50d6-4f25-9d77-44b8b78b0eaa,45283569-b17c-47e4-aee1-6094fc0bfa1a,295.69,2025-12-31 02:30:21.348598+00
c0e003ad-a878-440c-a036-f103602fe71c,Kind of Blue,Miles Davis,70a76012-6212-49ff-a125-603de72b02ed,26e329d9-0a0b-4e06-a53d-539cdc6ab27e,211.75,2025-12-31 02:30:21.348598+00
c158cb36-1bab-467f-a6f7-53c8a96072f3,Kind of Blue,Miles Davis,8396d96c-9644-4d83-8cb8-301f9942adae,45283569-b17c-47e4-aee1-6094fc0bfa1a,277.92,2025-12-31 02:30:21.348598+00
c2ce41ca-eb70-4100-83e1-a6511d0980ec,Kind of Blue,Miles Davis,b0718b04-1517-4669-97d3-13b27e79d549,71f29542-8080-49bd-8e35-79db47cd1ec4,265.81,2025-12-31 02:30:21.348598+00
c4ae8263-042b-49c8-a790-c1e1de73137d,My Favorite Things,John Coltrane,b0718b04-1517-4669-97d3-13b27e79d549,71f29542-8080-49bd-8e35-79db47cd1ec4,69.83,2025-12-31 02:30:21.348598+00
c558be91-c883-4319-b2d3-0e600f6ae6b5,Kind of Blue,Miles Davis,b626e1a0-234f-4542-ae67-47a2fbc68dd6,71f29542-8080-49bd-8e35-79db47cd1ec4,291.68,2025-12-31 02:30:21.348598+00
c58ab2f6-e7db-4263-a3c9-10ed52d8c815,A Love Supreme,John Coltrane,b626e1a0-234f-4542-ae67-47a2fbc68dd6,682957ea-82cf-494b-bca1-3ec2e2938d22,240.24,2025-12-31 02:30:21.348598+00
c5df10d0-d1b2-4bce-9799-f65e3e4aff88,Kind of Blue,Miles Davis,8396d96c-9644-4d83-8cb8-301f9942adae,ed63136a-6ed0-4052-8174-655ecb4bb270,243.61,2025-12-31 02:30:21.348598+00
c601d4f0-8740-4507-ab4d-a27554b68d5c,Kind of Blue,Miles Davis,00c84845-688e-4378-93d3-be194c67ffef,b43099c9-ecad-4f7e-b9ea-bb4e0fb2c5df,273.74,2025-12-31 02:30:21.348598+00
c69dcf13-510c-43f7-8fc1-a68b57caba42,My Favorite Things,John Coltrane,1f657a18-645d-4206-a431-c45e967bcb1d,469b8cb4-5be0-4c27-993f-02f9dc8e1142,60.10,2025-12-31 02:30:21.348598+00
c7620393-49ea-4207-b3da-cffabf0366d6,The Shape of Jazz to Come,Ornette Coleman,88924d51-0155-440a-af84-03da159966e6,a6debdad-89fb-428d-ba80-e4d1f83b2478,289.06,2025-12-31 02:30:21.348598+00
c7b220b8-c69c-4343-abe6-ee004724e95b,Kind of Blue,Miles Davis,f6fb7bbc-b40c-4cd8-b4bd-45cc6e9092cd,26e329d9-0a0b-4e06-a53d-539cdc6ab27e,281.39,2025-12-31 02:30:21.348598+00
c9a387cc-5ce0-450e-8aa0-25ae29b5cf03,Kind of Blue,Miles Davis,8396d96c-9644-4d83-8cb8-301f9942adae,b43099c9-ecad-4f7e-b9ea-bb4e0fb2c5df,291.68,2025-12-31 02:30:21.348598+00
cae58d01-398d-45e9-87ec-6c8c4629d583,Kind of Blue,Miles Davis,b626e1a0-234f-4542-ae67-47a2fbc68dd6,45283569-b17c-47e4-aee1-6094fc0bfa1a,242.06,2025-12-31 02:30:21.348598+00
cd472aa7-cc1d-4163-a661-3b32d749a0c8,The Golden Age of Apocalypse,Thundercat,8396d96c-9644-4d83-8cb8-301f9942adae,26e329d9-0a0b-4e06-a53d-539cdc6ab27e,49.33,2025-12-31 02:30:21.348598+00
ce1db205-a3c5-424b-b4f5-e60c33292360,Kind of Blue,Miles Davis,8396d96c-9644-4d83-8cb8-301f9942adae,ed63136a-6ed0-4052-8174-655ecb4bb270,269.46,2025-12-31 02:30:21.348598+00
cfc1875b-4247-4680-9c2d-dfa51b4e787a,Ancestral Recall,Christian Scott aTunde Adjuah,ce7b1985-50d6-4f25-9d77-44b8b78b0eaa,a6debdad-89fb-428d-ba80-e4d1f83b2478,49.32,2025-12-31 02:30:21.348598+00
d12cf78f-9259-4379-b323-a0714f39b511,Kind of Blue,Miles Davis,b0718b04-1517-4669-97d3-13b27e79d549,682957ea-82cf-494b-bca1-3ec2e2938d22,277.53,2025-12-31 02:30:21.348598+00
d1a88ba6-577f-47dc-a729-0abc5f0aa1a7,Kind of Blue,Miles Davis,1f657a18-645d-4206-a431-c45e967bcb1d,45283569-b17c-47e4-aee1-6094fc0bfa1a,240.23,2025-12-31 02:30:21.348598+00
d3952472-3397-4340-8255-e3298bf636c5,Kind of Blue,Miles Davis,b626e1a0-234f-4542-ae67-47a2fbc68dd6,469b8cb4-5be0-4c27-993f-02f9dc8e1142,290.72,2025-12-31 02:30:21.348598+00
d59d9784-29a8-431a-bef3-eb22cf29d123,Kind of Blue,Miles Davis,70a76012-6212-49ff-a125-603de72b02ed,437d32dc-cc1c-4680-81b9-8e556f48b25d,218.44,2025-12-31 02:30:21.348598+00
d621fa51-0044-4407-8d67-e4af27a38a01,Kind of Blue,Miles Davis,b626e1a0-234f-4542-ae67-47a2fbc68dd6,26626d7c-16dd-489e-a86e-72a4e850df94,290.72,2025-12-31 02:30:21.348598+00
d6a5939e-9563-4ba9-8cb4-372b0f9fcd6d,Kind of Blue,Miles Davis,00c84845-688e-4378-93d3-be194c67ffef,b43099c9-ecad-4f7e-b9ea-bb4e0fb2c5df,269.13,2025-12-31 02:30:21.348598+00
d74dd6a8-df1f-48f4-9004-9c14f03359a6,The Black Saint and the Sinner Lady,Charles Mingus,f6fb7bbc-b40c-4cd8-b4bd-45cc6e9092cd,469b8cb4-5be0-4c27-993f-02f9dc8e1142,79.52,2025-12-31 02:30:21.348598+00
d7ae4d92-9a1c-4d39-8600-59f606028ea8,Kind of Blue,Miles Davis,f6fb7bbc-b40c-4cd8-b4bd-45cc6e9092cd,26e329d9-0a0b-4e06-a53d-539cdc6ab27e,281.39,2025-12-31 02:30:21.348598+00
d8e6a9a3-4204-4e91-9638-14e0ad4f6eeb,Kind of Blue,Miles Davis,b626e1a0-234f-4542-ae67-47a2fbc68dd6,437d32dc-cc1c-4680-81b9-8e556f48b25d,273.68,2025-12-31 02:30:21.348598+00
d900bc34-dd12-43ca-baea-fc1bb367ef30,The Epic,Kamasi Washington,b0718b04-1517-4669-97d3-13b27e79d549,ed63136a-6ed0-4052-8174-655ecb4bb270,54.38,2025-12-31 02:30:21.348598+00
d93feb5e-04da-4433-899f-baef436e7394,Kind of Blue,Miles Davis,70a76012-6212-49ff-a125-603de72b02ed,a6debdad-89fb-428d-ba80-e4d1f83b2478,208.64,2025-12-31 02:30:21.348598+00
d959cf30-5c2f-48bc-aff2-da375c58f4ba,Kind of Blue,Miles Davis,f6fb7bbc-b40c-4cd8-b4bd-45cc6e9092cd,45283569-b17c-47e4-aee1-6094fc0bfa1a,290.04,2025-12-31 02:30:21.348598+00
d999ec09-b02e-4161-a6f7-6a49bb77d958,Kind of Blue,Miles Davis,b0718b04-1517-4669-97d3-13b27e79d549,a6debdad-89fb-428d-ba80-e4d1f83b2478,272.58,2025-12-31 02:30:21.348598+00
dab454ef-b55b-46fa-b379-4b1589ee6397,Ah Um,Charles Mingus,8396d96c-9644-4d83-8cb8-301f9942adae,437d32dc-cc1c-4680-81b9-8e556f48b25d,103.55,2025-12-31 02:30:21.348598+00
dc0d611f-2041-4448-96c6-0a42612f0083,Kind of Blue,Miles Davis,b626e1a0-234f-4542-ae67-47a2fbc68dd6,26626d7c-16dd-489e-a86e-72a4e850df94,290.72,2025-12-31 02:30:21.348598+00
ddd727db-474f-4518-ad88-0084b17435aa,Kind of Blue,Miles Davis,b0718b04-1517-4669-97d3-13b27e79d549,437d32dc-cc1c-4680-81b9-8e556f48b25d,251.52,2025-12-31 02:30:21.348598+00
deaa94ed-ee2e-4249-9ad2-2205b13ebf8f,Kind of Blue,Miles Davis,8396d96c-9644-4d83-8cb8-301f9942adae,469b8cb4-5be0-4c27-993f-02f9dc8e1142,251.52,2025-12-31 02:30:21.348598+00
df63e810-f6bf-48e6-aa26-c2092b4e0923,Kind of Blue,Miles Davis,f6fb7bbc-b40c-4cd8-b4bd-45cc6e9092cd,a6debdad-89fb-428d-ba80-e4d1f83b2478,286.04,2025-12-31 02:30:21.348598+00
e0797125-dd76-4efc-a245-f026806c8e5f,Kind of Blue,Miles Davis,8396d96c-9644-4d83-8cb8-301f9942adae,a6debdad-89fb-428d-ba80-e4d1f83b2478,287.00,2025-12-31 02:30:21.348598+00
e2e29aa4-b6f7-4717-8bd5-54df30cc89ad,Kind of Blue,Miles Davis,8396d96c-9644-4d83-8cb8-301f9942adae,b43099c9-ecad-4f7e-b9ea-bb4e0fb2c5df,291.68,2025-12-31 02:30:21.348598+00
e4408813-3b29-40f2-8f46-c9e76e56c8aa,Kind of Blue,Miles Davis,b626e1a0-234f-4542-ae67-47a2fbc68dd6,45283569-b17c-47e4-aee1-6094fc0bfa1a,242.06,2025-12-31 02:30:21.348598+00
e797b87b-d49c-4414-803d-74ea625d8233,Kind of Blue,Miles Davis,1f657a18-645d-4206-a431-c45e967bcb1d,45283569-b17c-47e4-aee1-6094fc0bfa1a,240.23,2025-12-31 02:30:21.348598+00
e892fab5-74ef-4ddc-a3b4-804357bf0e8e,Kind of Blue,Miles Davis,f6fb7bbc-b40c-4cd8-b4bd-45cc6e9092cd,b43099c9-ecad-4f7e-b9ea-bb4e0fb2c5df,236.42,2025-12-31 02:30:21.348598+00
e8d237af-6c7f-4215-bf00-a7292ff97fe2,Sketches of Spain,Miles Davis,ce7b1985-50d6-4f25-9d77-44b8b78b0eaa,469b8cb4-5be0-4c27-993f-02f9dc8e1142,109.11,2025-12-31 02:30:21.348598+00
e9a3b89f-285b-49b1-ab5f-76e2e2ecf501,Kind of Blue,Miles Davis,00c84845-688e-4378-93d3-be194c67ffef,b43099c9-ecad-4f7e-b9ea-bb4e0fb2c5df,273.74,2025-12-31 02:30:21.348598+00
eaec37bf-37a5-4ade-84fd-55b80ecbb309,Kind of Blue,Miles Davis,8396d96c-9644-4d83-8cb8-301f9942adae,26e329d9-0a0b-4e06-a53d-539cdc6ab27e,298.66,2025-12-31 02:30:21.348598+00
ed1c3af7-82c9-40b1-9968-142414a0f819,Kind of Blue,Miles Davis,ce7b1985-50d6-4f25-9d77-44b8b78b0eaa,437d32dc-cc1c-4680-81b9-8e556f48b25d,262.11,2025-12-31 02:30:21.348598+00
ed202d4f-b93e-4150-a7dc-27114e76e13f,Kind of Blue,Miles Davis,f6fb7bbc-b40c-4cd8-b4bd-45cc6e9092cd,45283569-b17c-47e4-aee1-6094fc0bfa1a,290.04,2025-12-31 02:30:21.348598+00
ef2bf9b4-dd8a-4f22-8f47-855a63c2f474,The Shape of Jazz to Come,Ornette Coleman,ce7b1985-50d6-4f25-9d77-44b8b78b0eaa,a6debdad-89fb-428d-ba80-e4d1f83b2478,286.06,2025-12-31 02:30:21.348598+00
ef7bca48-837f-4ee9-a981-61d9ece83777,Kind of Blue,Miles Davis,88924d51-0155-440a-af84-03da159966e6,469b8cb4-5be0-4c27-993f-02f9dc8e1142,273.66,2025-12-31 02:30:21.348598+00
f0c5adf3-59da-4549-8b81-558ce4ed6228,Kind of Blue,Miles Davis,8396d96c-9644-4d83-8cb8-301f9942adae,469b8cb4-5be0-4c27-993f-02f9dc8e1142,238.15,2025-12-31 02:30:21.348598+00
f13c0ceb-749d-463d-8662-01b21c131f42,Kind of Blue,Miles Davis,f6fb7bbc-b40c-4cd8-b4bd-45cc6e9092cd,469b8cb4-5be0-4c27-993f-02f9dc8e1142,293.75,2025-12-31 02:30:21.348598+00
f1433213-85a5-4845-81cf-205355506e0c,Kind of Blue,Miles Davis,b0718b04-1517-4669-97d3-13b27e79d549,45283569-b17c-47e4-aee1-6094fc0bfa1a,202.97,2025-12-31 02:30:21.348598+00
f4361794-8f8b-4254-aebf-96c7f132a38c,The Epic,Kamasi Washington,8396d96c-9644-4d83-8cb8-301f9942adae,45283569-b17c-47e4-aee1-6094fc0bfa1a,57.65,2025-12-31 02:30:21.348598+00
f4576f2d-ced7-4f09-8ae5-5029553c1cff,Kind of Blue,Miles Davis,b0718b04-1517-4669-97d3-13b27e79d549,26e329d9-0a0b-4e06-a53d-539cdc6ab27e,217.40,2025-12-31 02:30:21.348598+00
f582de33-0f20-406c-af9c-19e23e5d6284,Kind of Blue,Miles Davis,00c84845-688e-4378-93d3-be194c67ffef,437d32dc-cc1c-4680-81b9-8e556f48b25d,248.98,2025-12-31 02:30:21.348598+00
f5a4a903-8ea8-4691-b229-664ce8152393,Kind of Blue,Miles Davis,b0718b04-1517-4669-97d3-13b27e79d549,26626d7c-16dd-489e-a86e-72a4e850df94,236.46,2025-12-31 02:30:21.348598+00
f72e2af7-6c78-4081-aa6c-c812f6696f1a,Saxophone Colossus,Sonny Rollins,ce7b1985-50d6-4f25-9d77-44b8b78b0eaa,26e329d9-0a0b-4e06-a53d-539cdc6ab27e,106.84,2025-12-31 02:30:21.348598+00
f84ffdc8-9a2b-40c4-9b3a-9371a062e429,Kind of Blue,Miles Davis,b0718b04-1517-4669-97d3-13b27e79d549,437d32dc-cc1c-4680-81b9-8e556f48b25d,220.59,2025-12-31 02:30:21.348598+00
f91028df-0494-4092-9248-5194651be8bd,Maiden Voyage,Herbie Hancock,8396d96c-9644-4d83-8cb8-301f9942adae,a6debdad-89fb-428d-ba80-e4d1f83b2478,108.31,2025-12-31 02:30:21.348598+00
f91c5ea9-7372-4f4e-9355-6b083a97cd90,Kind of Blue,Miles Davis,8396d96c-9644-4d83-8cb8-301f9942adae,b43099c9-ecad-4f7e-b9ea-bb4e0fb2c5df,291.68,2025-12-31 02:30:21.348598+00
f9bea571-8ed9-45c9-86ed-72453e26f12a,Kind of Blue,Miles Davis,8396d96c-9644-4d83-8cb8-301f9942adae,ed63136a-6ed0-4052-8174-655ecb4bb270,243.61,2025-12-31 02:30:21.348598+00
fa689846-e78f-421b-b5c9-e3529923afb8,Kind of Blue,Miles Davis,b0718b04-1517-4669-97d3-13b27e79d549,437d32dc-cc1c-4680-81b9-8e556f48b25d,251.52,2025-12-31 02:30:21.348598+00
fa79b1bc-bd3f-430d-b1db-25ff187f3dd8,Kind of Blue,Miles Davis,b0718b04-1517-4669-97d3-13b27e79d549,71f29542-8080-49bd-8e35-79db47cd1ec4,265.81,2025-12-31 02:30:21.348598+00
fb4051f5-4372-4c6a-a2d2-d0f877e006b7,Kind of Blue,Miles Davis,8396d96c-9644-4d83-8cb8-301f9942adae,b43099c9-ecad-4f7e-b9ea-bb4e0fb2c5df,291.68,2025-12-31 02:30:21.348598+00