album_id,title,artist,genre_id,label_id,price,created_at
0081c90d-2164-43dc-82dd-5f2899e1d278,All Blues,Miles Davis,70a76012-6212-49ff-a125-603de72b02ed,437d32dc-cc1c-4680-81b9-8e556f48b25d,52.79,2025-12-31 02:30:21.348598+00
00c06829-aadb-4775-a914-452ecf25659b,All of Me,Gerald Marks,8396d96c-9644-4d83-8cb8-301f9942adae,682957ea-82cf-494b-bca1-3ec2e2938d22,242.45,2025-12-31 02:30:21.348598+00
0181ed08-a6f5-4f83-abe7-d9372310a3ec,All the Things You Are,Jerome Kern,8396d96c-9644-4d83-8cb8-301f9942adae,437d32dc-cc1c-4680-81b9-8e556f48b25d,275.4,2025-12-31 02:30:21.348598+00
01908174-a5be-4f2f-9ad7-e93abce5a7d4,Alone Together,Arthur Schwartz,1f657a18-645d-4206-a431-c45e967bcb1d,ed63136a-6ed0-4052-8174-655ecb4bb270,234.33,2025-12-31 02:30:21.348598+00
019b1392-fb9c-4da2-a73a-8d6d827341ff,Anthropology,Charlie Parker,b0718b04-1517-4669-97d3-13b27e79d549,a6debdad-89fb-428d-ba80-e4d1f83b2478,272.58,2025-12-31 02:30:21.348598+00
03a07991-1aff-42fa-a2ad-34c08ec38349,Autumn Leaves,Joseph Kosma,8396d96c-9644-4d83-8cb8-301f9942adae,26e329d9-0a0b-4e06-a53d-539cdc6ab27e,217.4,2025-12-31 02:30:21.348598+00
0538e6df-a704-4803-bb5b-f7af26182b70,Beautiful Love,Victor Young,88924d51-0155-440a-af84-03da159966e6,682957ea-82cf-494b-bca1-3ec2e2938d22,265.84,2025-12-31 02:30:21.348598+00
0599bebd-f50f-4637-b2fb-1941443f2c1f,Blue Bossa,Kenny Dorham,f6fb7bbc-b40c-4cd8-b4bd-45cc6e9092cd,a6debdad-89fb-428d-ba80-e4d1f83b2478,286.04,2025-12-31 02:30:21.348598+00
05b97943-b03e-4852-a77d-55e86f9f3b78,Blue Monk,Thelonious Monk,88924d51-0155-440a-af84-03da159966e6,682957ea-82cf-494b-bca1-3ec2e2938d22,234.33,2025-12-31 02:30:21.348598+00
0656c2f2-552b-4449-803b-549d39b818fd,Body and Soul,Johnny Green,ce7b1985-50d6-4f25-9d77-44b8b78b0eaa,71f29542-8080-49bd-8e35-79db47cd1ec4,299.79,2025-12-31 02:30:21.348598+00
098df85f-2d07-40e2-afb5-34cf4d95101a,But Not for Me,George Gershwin,00c84845-688e-4378-93d3-be194c67ffef,26e329d9-0a0b-4e06-a53d-539cdc6ab27e,50.41,2025-12-31 02:30:21.348598+00
09bdc679-1561-491f-96ab-ad55c8089611,Bye Bye Blackbird,Ray Henderson,8396d96c-9644-4d83-8cb8-301f9942adae,ed63136a-6ed0-4052-8174-655ecb4bb270,221.78,2025-12-31 02:30:21.348598+00
09eefe9b-848a-4e88-96e8-5b330695a687,Caravan,Duke Ellington,b0718b04-1517-4669-97d3-13b27e79d549,a6debdad-89fb-428d-ba80-e4d1f83b2478,272.58,2025-12-31 02:30:21.348598+00
0c969478-a2f8-4260-b077-6330857c8b9c,Cherokee,Ray Noble,70a76012-6212-49ff-a125-603de72b02ed,b43099c9-ecad-4f7e-b9ea-bb4e0fb2c5df,45.42,2025-12-31 02:30:21.348598+00
0d79469c-c118-40d2-b295-2fa9b4b91184,Confirmation,Charlie Parker,70a76012-6212-49ff-a125-603de72b02ed,469b8cb4-5be0-4c27-993f-02f9dc8e1142,272.58,2025-12-31 02:30:21.348598+00
0e78a048-f1de-4b6d-9777-153cc9b25e6b,Darn That Dream,Jimmy Van Heusen,ce7b1985-50d6-4f25-9d77-44b8b78b0eaa,437d32dc-cc1c-4680-81b9-8e556f48b25d,262.11,2025-12-31 02:30:21.348598+00
0ecb05b7-2eef-4e90-ac8f-a8c4e47866b6,Days of Wine and Roses,Henry Mancini,ce7b1985-50d6-4f25-9d77-44b8b78b0eaa,45283569-b17c-47e4-aee1-6094fc0bfa1a,105.74,2025-12-31 02:30:21.348598+00
0f5889c3-c7a5-42b8-87a9-3c4b2435c9ee,Dolphin Dance,Herbie Hancock,b626e1a0-234f-4542-ae67-47a2fbc68dd6,26626d7c-16dd-489e-a86e-72a4e850df94,43.19,2025-12-31 02:30:21.348598+00
1059b9a3-b6d6-4799-b5ef-1e6d0a58d1cd,Donna Lee,Charlie Parker,8396d96c-9644-4d83-8cb8-301f9942adae,437d32dc-cc1c-4680-81b9-8e556f48b25d,239.52,2025-12-31 02:30:21.348598+00
115ee252-934a-40e0-b58f-9b81f71ceb7f,Embraceable You,George Gershwin,8396d96c-9644-4d83-8cb8-301f9942adae,71f29542-8080-49bd-8e35-79db47cd1ec4,218.47,2025-12-31 02:30:21.348598+00
118dcafa-37f8-4135-b72b-126e966e1b0e,Footprints,Wayne Shorter,b0718b04-1517-4669-97d3-13b27e79d549,ed63136a-6ed0-4052-8174-655ecb4bb270,243.61,2025-12-31 02:30:21.348598+00
11cc6547-44b9-462c-9866-6572f8c59366,Four,Miles Davis,b0718b04-1517-4669-97d3-13b27e79d549,26e329d9-0a0b-4e06-a53d-539cdc6ab27e,298.12,2025-12-31 02:30:21.348598+00
1305a889-18be-4ca1-a445-ecf38cd0bc71,Freddie Freeloader,Miles Davis,8396d96c-9644-4d83-8cb8-301f9942adae,469b8cb4-5be0-4c27-993f-02f9dc8e1142,43.19,2025-12-31 02:30:21.348598+00
13227925-28c8-41a9-88b4-1431563a4778,Giant Steps,John Coltrane,b0718b04-1517-4669-97d3-13b27e79d549,71f29542-8080-49bd-8e35-79db47cd1ec4,248.87,2025-12-31 02:30:21.348598+00
13c98c82-86e0-42b9-9481-bb41de69cdbc,Girl from Ipanema,Antonio Carlos Jobim,ce7b1985-50d6-4f25-9d77-44b8b78b0eaa,71f29542-8080-49bd-8e35-79db47cd1ec4,86.82,2025-12-31 02:30:21.348598+00
14672307-2295-4e60-90e1-40bd47ea70ca,Have You Met Miss Jones,Richard Rodgers,f6fb7bbc-b40c-4cd8-b4bd-45cc6e9092cd,437d32dc-cc1c-4680-81b9-8e556f48b25d,64.91,2025-12-31 02:30:21.348598+00
14755d28-9200-418c-98e2-658c9927d25f,How Deep Is the Ocean,Irving Berlin,70a76012-6212-49ff-a125-603de72b02ed,26626d7c-16dd-489e-a86e-72a4e850df94,82.25,2025-12-31 02:30:21.348598+00
15a25946-37e3-4628-8d52-619e96b6205b,How High the Moon,Morgan Lewis,ce7b1985-50d6-4f25-9d77-44b8b78b0eaa,a6debdad-89fb-428d-ba80-e4d1f83b2478,224.22,2025-12-31 02:30:21.348598+00
169efd24-3b25-4faf-800e-5adde62fae3e,I Got Rhythm,George Gershwin,8396d96c-9644-4d83-8cb8-301f9942adae,26e329d9-0a0b-4e06-a53d-539cdc6ab27e,49.33,2025-12-31 02:30:21.348598+00
176fe895-8120-4c94-ae5e-91fc256663af,I Love You,Cole Porter,b0718b04-1517-4669-97d3-13b27e79d549,469b8cb4-5be0-4c27-993f-02f9dc8e1142,208.57,2025-12-31 02:30:21.348598+00
17732b76-c861-4476-bf69-c613c6e6f9e5,I Mean You,Thelonious Monk,b0718b04-1517-4669-97d3-13b27e79d549,437d32dc-cc1c-4680-81b9-8e556f48b25d,220.59,2025-12-31 02:30:21.348598+00
17b906f2-f8cf-4ff4-89b3-03981c7e3be1,I Remember You,Victor Schertzinger,b0718b04-1517-4669-97d3-13b27e79d549,71f29542-8080-49bd-8e35-79db47cd1ec4,265.81,2025-12-31 02:30:21.348598+00
19c22477-941d-446f-85e7-c75ec4ee839b,I'll Remember April,Gene de Paul,8396d96c-9644-4d83-8cb8-301f9942adae,437d32dc-cc1c-4680-81b9-8e556f48b25d,275.4,2025-12-31 02:30:21.348598+00
1c509b3a-d16d-4a12-b54e-81fc334abf38,Impressions,John Coltrane,f6fb7bbc-b40c-4cd8-b4bd-45cc6e9092cd,45283569-b17c-47e4-aee1-6094fc0bfa1a,290.04,2025-12-31 02:30:21.348598+00
1cdc583c-80bd-4a66-b1bf-86c1699773f9,In a Sentimental Mood,Duke Ellington,ce7b1985-50d6-4f25-9d77-44b8b78b0eaa,45283569-b17c-47e4-aee1-6094fc0bfa1a,292.05,2025-12-31 02:30:21.348598+00
1dc80cce-0af8-48db-aa40-7b71eb906923,In Walked Bud,Thelonious Monk,b0718b04-1517-4669-97d3-13b27e79d549,45283569-b17c-47e4-aee1-6094fc0bfa1a,202.97,2025-12-31 02:30:21.348598+00
1de8844d-d27c-4ca7-a3de-10173bd70174,Indiana,James F. Hanley,f6fb7bbc-b40c-4cd8-b4bd-45cc6e9092cd,437d32dc-cc1c-4680-81b9-8e556f48b25d,100.86,2025-12-31 02:30:21.348598+00
1e86e305-ab0b-4a45-bab7-eff542129eea,Invitation,Bronislaw Kaper,8396d96c-9644-4d83-8cb8-301f9942adae,469b8cb4-5be0-4c27-993f-02f9dc8e1142,272.93,2025-12-31 02:30:21.348598+00
1fca1e42-262e-4b34-9a29-0feaaa730704,It Could Happen to You,Jimmy Van Heusen,b0718b04-1517-4669-97d3-13b27e79d549,26e329d9-0a0b-4e06-a53d-539cdc6ab27e,256.4,2025-12-31 02:30:21.348598+00
201951f7-2a61-4e38-a1f3-05de97a9b60f,Just Friends,John Klenner,f6fb7bbc-b40c-4cd8-b4bd-45cc6e9092cd,26e329d9-0a0b-4e06-a53d-539cdc6ab27e,256.4,2025-12-31 02:30:21.348598+00
202f2b7b-2d7d-4f82-a113-e963d709f5eb,Killer Joe,Benny Golson,f6fb7bbc-b40c-4cd8-b4bd-45cc6e9092cd,b43099c9-ecad-4f7e-b9ea-bb4e0fb2c5df,234.33,2025-12-31 02:30:21.348598+00
20954c30-54e0-49d2-b53a-400ea6ef2d72,Lady Bird,Tadd Dameron,8396d96c-9644-4d83-8cb8-301f9942adae,b43099c9-ecad-4f7e-b9ea-bb4e0fb2c5df,240.23,2025-12-31 02:30:21.348598+00
21405cdd-2f53-4762-99dc-54136a64d5dc,Lazy Bird,John Coltrane,1f657a18-645d-4206-a431-c45e967bcb1d,b43099c9-ecad-4f7e-b9ea-bb4e0fb2c5df,298.24,2025-12-31 02:30:21.348598+00
23450342-5112-4ef0-b460-4d6275e06d97,Lullaby of Birdland,George Shearing,b0718b04-1517-4669-97d3-13b27e79d549,469b8cb4-5be0-4c27-993f-02f9dc8e1142,269.66,2025-12-31 02:30:21.348598+00
245d7988-44ae-4e0f-941a-ad3b0ca36bd8,Maiden Voyage,Herbie Hancock,f6fb7bbc-b40c-4cd8-b4bd-45cc6e9092cd,469b8cb4-5be0-4c27-993f-02f9dc8e1142,293.75,2025-12-31 02:30:21.348598+00
24a24800-2acb-4c30-a18b-f7313fcf4ffb,Meditation,Antonio Carlos Jobim,8396d96c-9644-4d83-8cb8-301f9942adae,682957ea-82cf-494b-bca1-3ec2e2938d22,218.84,2025-12-31 02:30:21.348598+00
2634ffc8-f7ef-4778-9c69-c828d7aae042,Mercy Mercy Mercy,Joe Zawinul,f6fb7bbc-b40c-4cd8-b4bd-45cc6e9092cd,a6debdad-89fb-428d-ba80-e4d1f83b2478,296.88,2025-12-31 02:30:21.348598+00
269840bf-78f8-479d-aa44-f40e7a517051,Misty,Erroll Garner,8396d96c-9644-4d83-8cb8-301f9942adae,ed63136a-6ed0-4052-8174-655ecb4bb270,221.78,2025-12-31 02:30:21.348598+00
26ea2f11-f279-489a-a2a6-acfa16b7fec1,Moment's Notice,John Coltrane,88924d51-0155-440a-af84-03da159966e6,682957ea-82cf-494b-bca1-3ec2e2938d22,265.84,2025-12-31 02:30:21.348598+00
26f35ccb-71bd-4f25-9e94-c2b6b5ce2cf9,Monk's Mood,Thelonious Monk,b626e1a0-234f-4542-ae67-47a2fbc68dd6,437d32dc-cc1c-4680-81b9-8e556f48b25d,204.64,2025-12-31 02:30:21.348598+00
280c73c4-7f29-4bd1-8ea3-785791a03719,Moose the Mooche,Charlie Parker,8396d96c-9644-4d83-8cb8-301f9942adae,26626d7c-16dd-489e-a86e-72a4e850df94,249.79,2025-12-31 02:30:21.348598+00
2c8d8eb0-4392-4cc4-a188-e5aa0dae2b64,My Favorite Things,Richard Rodgers,8396d96c-9644-4d83-8cb8-301f9942adae,ed63136a-6ed0-4052-8174-655ecb4bb270,221.78,2025-12-31 02:30:21.348598+00
2cbc768f-fc4f-41ff-82e3-ba2d607415cd,My Foolish Heart,Victor Young,8396d96c-9644-4d83-8cb8-301f9942adae,45283569-b17c-47e4-aee1-6094fc0bfa1a,295.42,2025-12-31 02:30:21.348598+00
2d5348f9-3b90-421e-b87d-d0543e60ddc9,My Funny Valentine,Richard Rodgers,f6fb7bbc-b40c-4cd8-b4bd-45cc6e9092cd,a6debdad-89fb-428d-ba80-e4d1f83b2478,296.88,2025-12-31 02:30:21.348598+00
2dfdbccd-c2b8-461c-ab56-b0b241f97e57,My One and Only Love,Guy Wood,b626e1a0-234f-4542-ae67-47a2fbc68dd6,469b8cb4-5be0-4c27-993f-02f9dc8e1142,272.93,2025-12-31 02:30:21.348598+00
2e78b506-e595-494b-a067-2ce4da490769,My Romance,Richard Rodgers,f6fb7bbc-b40c-4cd8-b4bd-45cc6e9092cd,a6debdad-89fb-428d-ba80-e4d1f83b2478,286.04,2025-12-31 02:30:21.348598+00
2ec007c1-1e73-4ee5-adfb-9aa9e3ebc374,Naima,John Coltrane,88924d51-0155-440a-af84-03da159966e6,b43099c9-ecad-4f7e-b9ea-bb4e0fb2c5df,261.27,2025-12-31 02:30:21.348598+00
31596fe2-c197-41dc-8b0f-36c1a17aa82f,Nardis,Miles Davis,ce7b1985-50d6-4f25-9d77-44b8b78b0eaa,437d32dc-cc1c-4680-81b9-8e556f48b25d,128.24,2025-12-31 02:30:21.348598+00
32516d1f-7ea8-49e2-86c7-7755e48b6677,Night and Day,Cole Porter,00c84845-688e-4378-93d3-be194c67ffef,469b8cb4-5be0-4c27-993f-02f9dc8e1142,204.47,2025-12-31 02:30:21.348598+00
32a61d5e-7c53-40ef-b899-49b38c07eed8,Night in Tunisia,Dizzy Gillespie,8396d96c-9644-4d83-8cb8-301f9942adae,71f29542-8080-49bd-8e35-79db47cd1ec4,64.91,2025-12-31 02:30:21.348598+00
33b57e4d-3e8f-4e0e-9a58-5bc9feac0f07,Now's the Time,Charlie Parker,ce7b1985-50d6-4f25-9d77-44b8b78b0eaa,26626d7c-16dd-489e-a86e-72a4e850df94,150.93,2025-12-31 02:30:21.348598+00
33b789ab-5fd6-45d1-a1e8-14a7cbc837d7,Oleo,Sonny Rollins,b0718b04-1517-4669-97d3-13b27e79d549,437d32dc-cc1c-4680-81b9-8e556f48b25d,235.19,2025-12-31 02:30:21.348598+00
33c158c5-ec92-4315-b7c0-ab6f2915b9d9,On Green Dolphin Street,Bronislaw Kaper,f6fb7bbc-b40c-4cd8-b4bd-45cc6e9092cd,a6debdad-89fb-428d-ba80-e4d1f83b2478,296.88,2025-12-31 02:30:21.348598+00
33c65de4-c31b-4a23-9aeb-64ac72d75942,One Note Samba,Antonio Carlos Jobim,b0718b04-1517-4669-97d3-13b27e79d549,469b8cb4-5be0-4c27-993f-02f9dc8e1142,269.87,2025-12-31 02:30:21.348598+00
33e5f937-4401-43d7-bbac-cba6393698ab,Ornithology,Charlie Parker,ce7b1985-50d6-4f25-9d77-44b8b78b0eaa,71f29542-8080-49bd-8e35-79db47cd1ec4,299.79,2025-12-31 02:30:21.348598+00
33f9d768-3de9-4624-8b78-4c94252b9c88,Out of Nowhere,Johnny Green,8396d96c-9644-4d83-8cb8-301f9942adae,45283569-b17c-47e4-aee1-6094fc0bfa1a,295.42,2025-12-31 02:30:21.348598+00
345b5e4e-9f4b-4bd1-afad-0bec7f9d41c3,Over the Rainbow,Harold Arlen,b626e1a0-234f-4542-ae67-47a2fbc68dd6,71f29542-8080-49bd-8e35-79db47cd1ec4,291.68,2025-12-31 02:30:21.348598+00
357cd214-59ec-415c-aef1-139da3f75fd7,Pent Up House,Sonny Rollins,8396d96c-9644-4d83-8cb8-301f9942adae,26626d7c-16dd-489e-a86e-72a4e850df94,113.84,2025-12-31 02:30:21.348598+00
35e4f50c-03be-4a11-b3f7-a8abafeb8ccf,Recorda Me,Joe Henderson,8396d96c-9644-4d83-8cb8-301f9942adae,26e329d9-0a0b-4e06-a53d-539cdc6ab27e,280.9,2025-12-31 02:30:21.348598+00
36132398-0c4f-452d-a300-fe2d6a448f8f,Round Midnight,Thelonious Monk,b0718b04-1517-4669-97d3-13b27e79d549,a6debdad-89fb-428d-ba80-e4d1f83b2478,272.58,2025-12-31 02:30:21.348598+00
374708d8-5275-4686-9208-fd71999ba025,Ruby My Dear,Thelonious Monk,ce7b1985-50d6-4f25-9d77-44b8b78b0eaa,45283569-b17c-47e4-aee1-6094fc0bfa1a,42.06,2025-12-31 02:30:21.348598+00
38335a53-e95b-4acc-99fb-ef85ca682e0e,Salt Peanuts,Dizzy Gillespie,b626e1a0-234f-4542-ae67-47a2fbc68dd6,469b8cb4-5be0-4c27-993f-02f9dc8e1142,272.93,2025-12-31 02:30:21.348598+00
39281db9-fe97-45d8-b883-58c8782d7f3e,Satin Doll,Duke Ellington,ce7b1985-50d6-4f25-9d77-44b8b78b0eaa,b43099c9-ecad-4f7e-b9ea-bb4e0fb2c5df,252.17,2025-12-31 02:30:21.348598+00
3a2592b5-7cee-44c2-8c30-612aeb79d186,Scrapple from the Apple,Charlie Parker,1f657a18-645d-4206-a431-c45e967bcb1d,469b8cb4-5be0-4c27-993f-02f9dc8e1142,201.2,2025-12-31 02:30:21.348598+00
3ab44697-78ba-493f-9514-ee3a3a5fd8f9,So What,Miles Davis,f6fb7bbc-b40c-4cd8-b4bd-45cc6e9092cd,26e329d9-0a0b-4e06-a53d-539cdc6ab27e,281.39,2025-12-31 02:30:21.348598+00
3ad58ee3-21dd-4f0b-9f92-63e5f10fdf79,Softly as in a Morning Sunrise,Sigmund Romberg,b626e1a0-234f-4542-ae67-47a2fbc68dd6,437d32dc-cc1c-4680-81b9-8e556f48b25d,273.68,2025-12-31 02:30:21.348598+00
3b648eca-4cab-4d7c-bd15-ca677ddc0ada,Solar,Miles Davis,1f657a18-645d-4206-a431-c45e967bcb1d,a6debdad-89fb-428d-ba80-e4d1f83b2478,228.84,2025-12-31 02:30:21.348598+00
3b733ccf-cef6-4170-bfbd-8b1d25224a65,Some Day My Prince Will Come,Frank Churchill,b0718b04-1517-4669-97d3-13b27e79d549,26e329d9-0a0b-4e06-a53d-539cdc6ab27e,281.39,2025-12-31 02:30:21.348598+00
3c8967f7-ac43-4fd7-bb80-39dcb0a131e4,Someday My Prince Will Come,Frank Churchill,b626e1a0-234f-4542-ae67-47a2fbc68dd6,71f29542-8080-49bd-8e35-79db47cd1ec4,286.7,2025-12-31 02:30:21.348598+00
3d0ffb92-944a-4bdb-ab46-ced874c61ed6,Sophisticated Lady,Duke Ellington,8396d96c-9644-4d83-8cb8-301f9942adae,45283569-b17c-47e4-aee1-6094fc0bfa1a,295.42,2025-12-31 02:30:21.348598+00
3d8a944e-8b3d-48c9-8590-380117399480,Spain,Chick Corea,8396d96c-9644-4d83-8cb8-301f9942adae,469b8cb4-5be0-4c27-993f-02f9dc8e1142,204.68,2025-12-31 02:30:21.348598+00
3e873488-660f-4c3e-bd9a-65732e1db858,Speak Low,Kurt Weill,f6fb7bbc-b40c-4cd8-b4bd-45cc6e9092cd,ed63136a-6ed0-4052-8174-655ecb4bb270,234.33,2025-12-31 02:30:21.348598+00
3f4e49ab-62a6-40fe-84e0-d9aaa2f3ac04,Stella by Starlight,Victor Young,b626e1a0-234f-4542-ae67-47a2fbc68dd6,469b8cb4-5be0-4c27-993f-02f9dc8e1142,272.93,2025-12-31 02:30:21.348598+00
3f58d2fc-e56f-47b7-b46c-4af9bc32b545,Stolen Moments,Oliver Nelson,b0718b04-1517-4669-97d3-13b27e79d549,a6debdad-89fb-428d-ba80-e4d1f83b2478,269.85,2025-12-31 02:30:21.348598+00
4090094c-b498-4175-b9e4-8df0d9a9f429,Stormy Weather,Harold Arlen,ce7b1985-50d6-4f25-9d77-44b8b78b0eaa,b43099c9-ecad-4f7e-b9ea-bb4e0fb2c5df,252.17,2025-12-31 02:30:21.348598+00
413087d0-3691-479a-8bd0-a9860f8dd578,Straight No Chaser,Thelonious Monk,88924d51-0155-440a-af84-03da159966e6,b43099c9-ecad-4f7e-b9ea-bb4e0fb2c5df,249.27,2025-12-31 02:30:21.348598+00
42859009-bc9d-4536-b4cf-ce117e15ab01,Summertime,George Gershwin,8396d96c-9644-4d83-8cb8-301f9942adae,682957ea-82cf-494b-bca1-3ec2e2938d22,281.36,2025-12-31 02:30:21.348598+00
440874df-b330-4d6a-b724-e7bd443bd2c0,Take Five,Paul Desmond,b0718b04-1517-4669-97d3-13b27e79d549,682957ea-82cf-494b-bca1-3ec2e2938d22,281.36,2025-12-31 02:30:21.348598+00
44bcd99e-8008-4e67-b61e-f066f5d4bada,Take the A Train,Billy Strayhorn,8396d96c-9644-4d83-8cb8-301f9942adae,45283569-b17c-47e4-aee1-6094fc0bfa1a,295.42,2025-12-31 02:30:21.348598+00
45db2f7b-bf5e-47e3-ba6b-2fbb408a3ab8,Tenderly,Jack Lawrence,b626e1a0-234f-4542-ae67-47a2fbc68dd6,45283569-b17c-47e4-aee1-6094fc0bfa1a,242.06,2025-12-31 02:30:21.348598+00
475ecb76-5698-4e99-a416-d52bb91e8d22,The Chicken,Pee Wee Ellis,f6fb7bbc-b40c-4cd8-b4bd-45cc6e9092cd,45283569-b17c-47e4-aee1-6094fc0bfa1a,287.11,2025-12-31 02:30:21.348598+00
477b2158-c6b6-4524-8c88-00af98058237,The Girl from Ipanema,Antonio Carlos Jobim,8396d96c-9644-4d83-8cb8-301f9942adae,682957ea-82cf-494b-bca1-3ec2e2938d22,281.36,2025-12-31 02:30:21.348598+00
49218d5c-ad45-475f-a9ad-8d86b1f79473,The Nearness of You,Hoagy Carmichael,b0718b04-1517-4669-97d3-13b27e79d549,a6debdad-89fb-428d-ba80-e4d1f83b2478,108.99,2025-12-31 02:30:21.348598+00
4b8c58d1-cb0b-4c14-92a6-07090240451c,The Shadow of Your Smile,Johnny Mandel,8396d96c-9644-4d83-8cb8-301f9942adae,ed63136a-6ed0-4052-8174-655ecb4bb270,221.78,2025-12-31 02:30:21.348598+00
4c2c5433-531f-43ef-aeb6-f883089c2448,There Is No Greater Love,Isham Jones,8396d96c-9644-4d83-8cb8-301f9942adae,26626d7c-16dd-489e-a86e-72a4e850df94,158.15,2025-12-31 02:30:21.348598+00
4c83433f-fb25-46df-8463-2f895b87da52,There Will Never Be Another You,Harry Warren,1f657a18-645d-4206-a431-c45e967bcb1d,682957ea-82cf-494b-bca1-3ec2e2938d22,265.84,2025-12-31 02:30:21.348598+00
4dc112e2-963b-4308-a62a-a2175ece0c37,Things Ain't What They Used to Be,Mercer Ellington,ce7b1985-50d6-4f25-9d77-44b8b78b0eaa,b43099c9-ecad-4f7e-b9ea-bb4e0fb2c5df,252.17,2025-12-31 02:30:21.348598+00
4e2cdcce-004e-4063-b77c-2180a9fd8062,Tune Up,Miles Davis,8396d96c-9644-4d83-8cb8-301f9942adae,a6debdad-89fb-428d-ba80-e4d1f83b2478,257.48,2025-12-31 02:30:21.348598+00
4ecd08eb-b1bf-48d6-b9b8-f0ad8bc9e6d2,Up Jumped Spring,Freddie Hubbard,b0718b04-1517-4669-97d3-13b27e79d549,682957ea-82cf-494b-bca1-3ec2e2938d22,275.69,2025-12-31 02:30:21.348598+00
4edf7488-528c-4bcc-b095-3671d95128c8,Waltz for Debby,Bill Evans,b0718b04-1517-4669-97d3-13b27e79d549,26e329d9-0a0b-4e06-a53d-539cdc6ab27e,256.4,2025-12-31 02:30:21.348598+00
4f121a05-3fd4-4b98-82c2-2589df3a9d32,Watermelon Man,Herbie Hancock,8396d96c-9644-4d83-8cb8-301f9942adae,ed63136a-6ed0-4052-8174-655ecb4bb270,54.43,2025-12-31 02:30:21.348598+00
4ff82cec-ab4f-4fa4-9f64-3a101b89c225,Wave,Antonio Carlos Jobim,70a76012-6212-49ff-a125-603de72b02ed,26626d7c-16dd-489e-a86e-72a4e850df94,68.64,2025-12-31 02:30:21.348598+00
528f12fb-eb3d-4a85-bde9-07679d0b2241,Well You Needn't,Thelonious Monk,f6fb7bbc-b40c-4cd8-b4bd-45cc6e9092cd,45283569-b17c-47e4-aee1-6094fc0bfa1a,290.04,2025-12-31 02:30:21.348598+00
53a0e0a0-3066-41cf-813f-85ac8bdc3140,What Is This Thing Called Love,Cole Porter,b0718b04-1517-4669-97d3-13b27e79d549,437d32dc-cc1c-4680-81b9-8e556f48b25d,220.59,2025-12-31 02:30:21.348598+00
53c18d38-fea2-453e-840b-37cf15b86ed2,Whisper Not,Benny Golson,8396d96c-9644-4d83-8cb8-301f9942adae,26626d7c-16dd-489e-a86e-72a4e850df94,22.06,2025-12-31 02:30:21.348598+00
555433da-9e27-48a5-8f6a-e71a8ba97699,Woody'n You,Dizzy Gillespie,b0718b04-1517-4669-97d3-13b27e79d549,ed63136a-6ed0-4052-8174-655ecb4bb270,262.15,2025-12-31 02:30:21.348598+00
55e0b4f8-86b7-4405-9ca0-4ed36ea5b4a0,Work Song,Nat Adderley,8396d96c-9644-4d83-8cb8-301f9942adae,437d32dc-cc1c-4680-81b9-8e556f48b25d,240.56,2025-12-31 02:30:21.348598+00
570ec800-0754-48cd-9f44-719424206f9b,Yardbird Suite,Charlie Parker,70a76012-6212-49ff-a125-603de72b02ed,469b8cb4-5be0-4c27-993f-02f9dc8e1142,204.47,2025-12-31 02:30:21.348598+00
57b682e0-1f8d-4dce-967e-61ab37e4e08f,Yesterday,John Lennon,f6fb7bbc-b40c-4cd8-b4bd-45cc6e9092cd,a6debdad-89fb-428d-ba80-e4d1f83b2478,286.04,2025-12-31 02:30:21.348598+00
5818a25a-cc16-46b3-ae9c-9af33ba4ba0e,You Don't Know What Love Is,Gene de Paul,70a76012-6212-49ff-a125-603de72b02ed,469b8cb4-5be0-4c27-993f-02f9dc8e1142,272.93,2025-12-31 02:30:21.348598+00
59a65f61-a933-4e9b-992a-a00748d36698,You Stepped Out of a Dream,Nacio Herb Brown,f6fb7bbc-b40c-4cd8-b4bd-45cc6e9092cd,b43099c9-ecad-4f7e-b9ea-bb4e0fb2c5df,234.33,2025-12-31 02:30:21.348598+00
5b28c575-f4a8-4181-b2ba-b89c6e3bc5e5,Afternoon in Paris,John Lewis,b0718b04-1517-4669-97d3-13b27e79d549,ed63136a-6ed0-4052-8174-655ecb4bb270,262.15,2025-12-31 02:30:21.348598+00
5ce59155-1d58-4948-b13f-7c67024cf7fb,Airegin,Sonny Rollins,1f657a18-645d-4206-a431-c45e967bcb1d,ed63136a-6ed0-4052-8174-655ecb4bb270,234.33,2025-12-31 02:30:21.348598+00
5d3355e5-9fa3-45a5-bc62-e37cd38a9184,Alice in Wonderland,Sammy Fain,ce7b1985-50d6-4f25-9d77-44b8b78b0eaa,437d32dc-cc1c-4680-81b9-8e556f48b25d,262.11,2025-12-31 02:30:21.348598+00
60f5d49f-9082-4883-a45a-0f1cf396ba5b,Along Came Betty,Benny Golson,b626e1a0-234f-4542-ae67-47a2fbc68dd6,45283569-b17c-47e4-aee1-6094fc0bfa1a,265.73,2025-12-31 02:30:21.348598+00
61acf8ed-2e49-4fbe-b3e2-b3a64e815767,Nica's Dream,Horace Silver,00c84845-688e-4378-93d3-be194c67ffef,469b8cb4-5be0-4c27-993f-02f9dc8e1142,204.47,2025-12-31 02:30:21.348598+00
62573d48-98ca-4b44-a6a3-d4973295f591,Bernie's Tune,Bernie Miller,b0718b04-1517-4669-97d3-13b27e79d549,45283569-b17c-47e4-aee1-6094fc0bfa1a,292.05,2025-12-31 02:30:21.348598+00
629933d1-cfce-4c98-ac53-cca7b9953d53,Better Get Hit in Your Soul,Charles Mingus,8396d96c-9644-4d83-8cb8-301f9942adae,26e329d9-0a0b-4e06-a53d-539cdc6ab27e,289.06,2025-12-31 02:30:21.348598+00
65059bd8-350e-4537-a8c1-73eccffb0b51,Black Orpheus,Luiz Bonfa,1f657a18-645d-4206-a431-c45e967bcb1d,ed63136a-6ed0-4052-8174-655ecb4bb270,234.33,2025-12-31 02:30:21.348598+00
650a6218-d4f4-4b31-997f-ad24c578db26,Bluesette,Toots Thielemans,8396d96c-9644-4d83-8cb8-301f9942adae,437d32dc-cc1c-4680-81b9-8e556f48b25d,275.4,2025-12-31 02:30:21.348598+00
66c16aa0-6f0e-429b-8232-6f05814b982d,Cantaloupe Island,Herbie Hancock,88924d51-0155-440a-af84-03da159966e6,b43099c9-ecad-4f7e-b9ea-bb4e0fb2c5df,79.54,2025-12-31 02:30:21.348598+00
66c6166e-6a39-44cb-b1f2-49ca6a30fa36,Ceora,Lee Morgan,f6fb7bbc-b40c-4cd8-b4bd-45cc6e9092cd,b43099c9-ecad-4f7e-b9ea-bb4e0fb2c5df,272.93,2025-12-31 02:30:21.348598+00
673d574c-f5d7-4ec6-942f-98de84b5b010,Chameleon,Herbie Hancock,1f657a18-645d-4206-a431-c45e967bcb1d,45283569-b17c-47e4-aee1-6094fc0bfa1a,240.23,2025-12-31 02:30:21.348598+00
67b19531-2cda-4fcf-9fd4-7369b3f7e39b,Cheesecake,Dexter Gordon,1f657a18-645d-4206-a431-c45e967bcb1d,45283569-b17c-47e4-aee1-6094fc0bfa1a,240.23,2025-12-31 02:30:21.348598+00
694c6e68-69a2-4f9a-94d0-70dfcc0710fe,Chitlins con Carne,Kenny Burrell,1f657a18-645d-4206-a431-c45e967bcb1d,437d32dc-cc1c-4680-81b9-8e556f48b25d,53.66,2025-12-31 02:30:21.348598+00
6975d0b1-05e0-4188-b906-42ffd463728f,Comin' Home Baby,Ben Tucker,88924d51-0155-440a-af84-03da159966e6,469b8cb4-5be0-4c27-993f-02f9dc8e1142,226.54,2025-12-31 02:30:21.348598+00
6a5c3554-9eac-43af-8123-ab9e00c76b2a,Countdown,John Coltrane,b0718b04-1517-4669-97d3-13b27e79d549,26e329d9-0a0b-4e06-a53d-539cdc6ab27e,68.32,2025-12-31 02:30:21.348598+00
6ace4a92-52bb-4a16-94bd-98d5d843a5e5,Cousin Mary,John Coltrane,b626e1a0-234f-4542-ae67-47a2fbc68dd6,71f29542-8080-49bd-8e35-79db47cd1ec4,291.68,2025-12-31 02:30:21.348598+00
6ae89f70-c822-4074-819a-1d4b06d627b7,Dat Dere,Bobby Timmons,f6fb7bbc-b40c-4cd8-b4bd-45cc6e9092cd,469b8cb4-5be0-4c27-993f-02f9dc8e1142,293.75,2025-12-31 02:30:21.348598+00
6beeb73b-f5be-4a7c-88ba-9531f9ded1fa,Desafinado,Antonio Carlos Jobim,8396d96c-9644-4d83-8cb8-301f9942adae,26e329d9-0a0b-4e06-a53d-539cdc6ab27e,217.4,2025-12-31 02:30:21.348598+00
6bfbafe1-00d2-4d5b-afe2-b75d8df580fc,Dexterity,Charlie Parker,00c84845-688e-4378-93d3-be194c67ffef,469b8cb4-5be0-4c27-993f-02f9dc8e1142,204.47,2025-12-31 02:30:21.348598+00
6c3be2e0-1a0c-4a0b-bde8-4e3f9f26544f,Dig,Miles Davis,b626e1a0-234f-4542-ae67-47a2fbc68dd6,437d32dc-cc1c-4680-81b9-8e556f48b25d,273.68,2025-12-31 02:30:21.348598+00
6d4ac659-f7c7-4299-86b5-831efb8a5ac4,Dindi,Antonio Carlos Jobim,1f657a18-645d-4206-a431-c45e967bcb1d,a6debdad-89fb-428d-ba80-e4d1f83b2478,172.93,2025-12-31 02:30:21.348598+00
6dadddfe-2773-46bf-b9cd-3667ee64a4d5,Early Autumn,Ralph Burns,88924d51-0155-440a-af84-03da159966e6,b43099c9-ecad-4f7e-b9ea-bb4e0fb2c5df,286.97,2025-12-31 02:30:21.348598+00
6dcb65b8-4d73-4c73-8639-e7fd5f9d5667,Easy Living,Ralph Rainger,b0718b04-1517-4669-97d3-13b27e79d549,45283569-b17c-47e4-aee1-6094fc0bfa1a,269.89,2025-12-31 02:30:21.348598+00
6ed481ba-a7c9-442d-81a6-10d433d366dd,Emily,Johnny Mandel,b626e1a0-234f-4542-ae67-47a2fbc68dd6,a6debdad-89fb-428d-ba80-e4d1f83b2478,105.47,2025-12-31 02:30:21.348598+00
6f1ac4ec-2c02-4bed-81ce-06fe25b2856d,Equinox,John Coltrane,b0718b04-1517-4669-97d3-13b27e79d549,26e329d9-0a0b-4e06-a53d-539cdc6ab27e,256.4,2025-12-31 02:30:21.348598+00
6fa42656-88f4-4b2f-95a3-701d9063a1b7,Epistrophy,Thelonious Monk,b0718b04-1517-4669-97d3-13b27e79d549,45283569-b17c-47e4-aee1-6094fc0bfa1a,31.06,2025-12-31 02:30:21.348598+00
701d7bf7-d0b3-48bd-b3c7-8077310d8b77,Evidence,Thelonious Monk,ce7b1985-50d6-4f25-9d77-44b8b78b0eaa,45283569-b17c-47e4-aee1-6094fc0bfa1a,292.05,2025-12-31 02:30:21.348598+00
713701b5-30c7-4dea-95a4-79b1886febbf,Eye of the Hurricane,Herbie Hancock,b0718b04-1517-4669-97d3-13b27e79d549,ed63136a-6ed0-4052-8174-655ecb4bb270,262.15,2025-12-31 02:30:21.348598+00
741961cc-6e08-47e8-8295-d8741ca5239d,Falling in Love with Love,Richard Rodgers,8396d96c-9644-4d83-8cb8-301f9942adae,26626d7c-16dd-489e-a86e-72a4e850df94,293.71,2025-12-31 02:30:21.348598+00
7429acab-5319-49b2-b51b-14bda6d3f034,Fee Fi Fo Fum,Wayne Shorter,f6fb7bbc-b40c-4cd8-b4bd-45cc6e9092cd,b43099c9-ecad-4f7e-b9ea-bb4e0fb2c5df,234.33,2025-12-31 02:30:21.348598+00
75079f64-872f-419b-8755-29df5c7948c4,Fly Me to the Moon,Bart Howard,b0718b04-1517-4669-97d3-13b27e79d549,45283569-b17c-47e4-aee1-6094fc0bfa1a,202.97,2025-12-31 02:30:21.348598+00
76a05ae7-3c51-4aa8-b25c-673a86c0ed87,Four on Six,Wes Montgomery,f6fb7bbc-b40c-4cd8-b4bd-45cc6e9092cd,a6debdad-89fb-428d-ba80-e4d1f83b2478,296.88,2025-12-31 02:30:21.348598+00
77640067-8694-433d-8027-ebf7ff8f441b,Freedom Jazz Dance,Eddie Harris,ce7b1985-50d6-4f25-9d77-44b8b78b0eaa,45283569-b17c-47e4-aee1-6094fc0bfa1a,292.05,2025-12-31 02:30:21.348598+00
776aeeed-5437-44d9-b0ae-1b33b450514f,Good Bait,Tadd Dameron,8396d96c-9644-4d83-8cb8-301f9942adae,ed63136a-6ed0-4052-8174-655ecb4bb270,243.61,2025-12-31 02:30:21.348598+00
77b3d47e-a1c7-429b-a4a7-2f203c0c9afc,Groovin' High,Dizzy Gillespie,70a76012-6212-49ff-a125-603de72b02ed,26e329d9-0a0b-4e06-a53d-539cdc6ab27e,211.75,2025-12-31 02:30:21.348598+00
77d2f6ff-41e5-45a7-8829-0136b30d22c6,Hackensack,Thelonious Monk,b626e1a0-234f-4542-ae67-47a2fbc68dd6,682957ea-82cf-494b-bca1-3ec2e2938d22,242.45,2025-12-31 02:30:21.348598+00
79d4e35d-fb7f-498e-bae0-5bf73037114d,Half Nelson,Miles Davis,88924d51-0155-440a-af84-03da159966e6,469b8cb4-5be0-4c27-993f-02f9dc8e1142,226.54,2025-12-31 02:30:21.348598+00
7b974718-a0e7-487c-aca6-e55358f0a03f,Here's That Rainy Day,Jimmy Van Heusen,b0718b04-1517-4669-97d3-13b27e79d549,a6debdad-89fb-428d-ba80-e4d1f83b2478,102.32,2025-12-31 02:30:21.348598+00
7c7f1fbe-6a57-4d3c-8a95-c7f9bb62f81e,Hot House,Tadd Dameron,ce7b1985-50d6-4f25-9d77-44b8b78b0eaa,437d32dc-cc1c-4680-81b9-8e556f48b25d,262.11,2025-12-31 02:30:21.348598+00
7d57f489-44f3-4aae-b1d0-62638474c6a8,How Insensitive,Antonio Carlos Jobim,88924d51-0155-440a-af84-03da159966e6,682957ea-82cf-494b-bca1-3ec2e2938d22,265.84,2025-12-31 02:30:21.348598+00
7db6010c-6c6f-4129-8f02-dba3d7f880a1,I Hear a Rhapsody,George Fragos,8396d96c-9644-4d83-8cb8-301f9942adae,71f29542-8080-49bd-8e35-79db47cd1ec4,232.06,2025-12-31 02:30:21.348598+00
7e2d4cf8-63dd-4d9a-b8a0-15e38077b9ca,I Should Care,Axel Stordahl,b626e1a0-234f-4542-ae67-47a2fbc68dd6,437d32dc-cc1c-4680-81b9-8e556f48b25d,218.47,2025-12-31 02:30:21.348598+00
7e94b5d5-5771-4828-95c7-98c42dce64f5,I Wish I Knew,Harry Warren,00c84845-688e-4378-93d3-be194c67ffef,469b8cb4-5be0-4c27-993f-02f9dc8e1142,204.62,2025-12-31 02:30:21.348598+00
7efb0269-f9d6-4fb6-a625-9b6d48eac4e2,I'm Getting Sentimental Over You,George Bassman,00c84845-688e-4378-93d3-be194c67ffef,26e329d9-0a0b-4e06-a53d-539cdc6ab27e,40.67,2025-12-31 02:30:21.348598+00
7fbcf5f3-c846-4dc7-a52e-9d696a66c12d,I've Got You Under My Skin,Cole Porter,88924d51-0155-440a-af84-03da159966e6,469b8cb4-5be0-4c27-993f-02f9dc8e1142,232.06,2025-12-31 02:30:21.348598+00
80f83f5c-b6ef-4d5a-b942-0897e4f0d82d,If I Should Lose You,Ralph Rainger,70a76012-6212-49ff-a125-603de72b02ed,ed63136a-6ed0-4052-8174-655ecb4bb270,139.75,2025-12-31 02:30:21.348598+00
81d45411-573d-49c0-adb2-58f8cf7389bd,If I Were a Bell,Frank Loesser,f6fb7bbc-b40c-4cd8-b4bd-45cc6e9092cd,26e329d9-0a0b-4e06-a53d-539cdc6ab27e,281.39,2025-12-31 02:30:21.348598+00
822c5534-475d-4b30-9f49-d09baae02db5,In Your Own Sweet Way,Dave Brubeck,f6fb7bbc-b40c-4cd8-b4bd-45cc6e9092cd,71f29542-8080-49bd-8e35-79db47cd1ec4,269.75,2025-12-31 02:30:21.348598+00
834088f9-1775-4729-b504-068438ae16af,Infant Eyes,Wayne Shorter,8396d96c-9644-4d83-8cb8-301f9942adae,71f29542-8080-49bd-8e35-79db47cd1ec4,232.06,2025-12-31 02:30:21.348598+00
835a4bd6-c13a-4e03-b165-041b9631b9ce,Inner Urge,Joe Henderson,00c84845-688e-4378-93d3-be194c67ffef,469b8cb4-5be0-4c27-993f-02f9dc8e1142,204.47,2025-12-31 02:30:21.348598+00
8360bc7d-077c-44fd-b551-9cc9a59f7b3d,Israel,Johnny Carisi,88924d51-0155-440a-af84-03da159966e6,469b8cb4-5be0-4c27-993f-02f9dc8e1142,226.54,2025-12-31 02:30:21.348598+00
852d0067-664b-4084-9df0-f6bb4dd869d0,Isotope,Joe Henderson,8396d96c-9644-4d83-8cb8-301f9942adae,b43099c9-ecad-4f7e-b9ea-bb4e0fb2c5df,284.14,2025-12-31 02:30:21.348598+00
853ad750-f07a-43fa-930c-3d03b4bc7762,It Don't Mean a Thing,Duke Ellington,1f657a18-645d-4206-a431-c45e967bcb1d,ed63136a-6ed0-4052-8174-655ecb4bb270,234.33,2025-12-31 02:30:21.348598+00
858e290a-63e5-4ff7-90fb-956c2dd0f7c3,It Might as Well Be Spring,Richard Rodgers,8396d96c-9644-4d83-8cb8-301f9942adae,682957ea-82cf-494b-bca1-3ec2e2938d22,281.36,2025-12-31 02:30:21.348598+00
8659e95e-a5b6-4ea4-9c38-c7965c015d0e,Jitterbug Waltz,Fats Waller,1f657a18-645d-4206-a431-c45e967bcb1d,71f29542-8080-49bd-8e35-79db47cd1ec4,105.12,2025-12-31 02:30:21.348598+00
887aa7dc-8654-472e-b64b-fec9ba96eb50,Joy Spring,Clifford Brown,8396d96c-9644-4d83-8cb8-301f9942adae,26626d7c-16dd-489e-a86e-72a4e850df94,272.07,2025-12-31 02:30:21.348598+00
88fee888-e8cf-4f34-9a7b-cc06d53e6f16,Ju Ju,Wayne Shorter,b626e1a0-234f-4542-ae67-47a2fbc68dd6,b43099c9-ecad-4f7e-b9ea-bb4e0fb2c5df,249.27,2025-12-31 02:30:21.348598+00
8a8e3826-55c2-43e6-b333-46c5937af504,Just in Time,Jule Styne,88924d51-0155-440a-af84-03da159966e6,26e329d9-0a0b-4e06-a53d-539cdc6ab27e,281.39,2025-12-31 02:30:21.348598+00
8b193910-f414-4ee1-8884-4c1640d4baf7,Limehouse Blues,Philip Braham,b626e1a0-234f-4542-ae67-47a2fbc68dd6,71f29542-8080-49bd-8e35-79db47cd1ec4,291.68,2025-12-31 02:30:21.348598+00
8bd9e03b-95f8-4338-9fc8-5e6baa72f0ce,Line for Lyons,Gerry Mulligan,b0718b04-1517-4669-97d3-13b27e79d549,a6debdad-89fb-428d-ba80-e4d1f83b2478,286.81,2025-12-31 02:30:21.348598+00
8c5b7fc1-03ff-4819-aea5-c7c3cfb7187f,Little Sunflower,Freddie Hubbard,1f657a18-645d-4206-a431-c45e967bcb1d,469b8cb4-5be0-4c27-993f-02f9dc8e1142,271.69,2025-12-31 02:30:21.348598+00
8d7c77b3-344b-4662-ae8e-f620e925ddff,Lover,Richard Rodgers,8396d96c-9644-4d83-8cb8-301f9942adae,ed63136a-6ed0-4052-8174-655ecb4bb270,243.61,2025-12-31 02:30:21.348598+00
8d8d6bd1-9e53-4552-b464-9b1e0cdf38b1,Lover Man,Jimmy Davis,88924d51-0155-440a-af84-03da159966e6,437d32dc-cc1c-4680-81b9-8e556f48b25d,113.84,2025-12-31 02:30:21.348598+00
8ecd8b90-9187-4878-96a8-d36956f55425,Lush Life,Billy Strayhorn,00c84845-688e-4378-93d3-be194c67ffef,45283569-b17c-47e4-aee1-6094fc0bfa1a,104.57,2025-12-31 02:30:21.348598+00
8eebf7c2-e9ac-4550-a756-40a21b21bdf8,Manha de Carnaval,Luiz Bonfa,ce7b1985-50d6-4f25-9d77-44b8b78b0eaa,45283569-b17c-47e4-aee1-6094fc0bfa1a,37.95,2025-12-31 02:30:21.348598+00
8f4eda7c-14bc-4e69-9893-e644b050d6aa,Mas Que Nada,Jorge Ben,b0718b04-1517-4669-97d3-13b27e79d549,ed63136a-6ed0-4052-8174-655ecb4bb270,49.37,2025-12-31 02:30:21.348598+00
8f869d1c-1f64-48ca-b77c-2b472a8d30ba,Meandering,Warne Marsh,88924d51-0155-440a-af84-03da159966e6,682957ea-82cf-494b-bca1-3ec2e2938d22,265.84,2025-12-31 02:30:21.348598+00
91fdbaf8-134c-46d8-9b02-88f521c137a6,Milestones,Miles Davis,f6fb7bbc-b40c-4cd8-b4bd-45cc6e9092cd,437d32dc-cc1c-4680-81b9-8e556f48b25d,63.63,2025-12-31 02:30:21.348598+00
91ff40f9-bd14-4618-8048-1af9c6a7359d,Minority,Gigi Gryce,b626e1a0-234f-4542-ae67-47a2fbc68dd6,437d32dc-cc1c-4680-81b9-8e556f48b25d,273.68,2025-12-31 02:30:21.348598+00
92e90089-aded-4d18-895b-3f06694432af,Miss Ann,Benny Golson,ce7b1985-50d6-4f25-9d77-44b8b78b0eaa,45283569-b17c-47e4-aee1-6094fc0bfa1a,292.05,2025-12-31 02:30:21.348598+00
94657f44-3e75-475c-89bf-20444e5685ee,Morning,Clare Fischer,b626e1a0-234f-4542-ae67-47a2fbc68dd6,a6debdad-89fb-428d-ba80-e4d1f83b2478,289.06,2025-12-31 02:30:21.348598+00
94abad2b-56f9-438f-bb04-51203b820380,Mr. P.C.,John Coltrane,8396d96c-9644-4d83-8cb8-301f9942adae,437d32dc-cc1c-4680-81b9-8e556f48b25d,54.0,2025-12-31 02:30:21.348598+00
95300a7d-e3cd-4490-86f7-29975c4a832b,Nica's Dream,Horace Silver,b0718b04-1517-4669-97d3-13b27e79d549,437d32dc-cc1c-4680-81b9-8e556f48b25d,251.52,2025-12-31 02:30:21.348598+00
96968b01-ac05-4186-84ba-a3e993880276,No More Blues,Antonio Carlos Jobim,ce7b1985-50d6-4f25-9d77-44b8b78b0eaa,a6debdad-89fb-428d-ba80-e4d1f83b2478,224.22,2025-12-31 02:30:21.348598+00
977795b6-4128-40c9-b744-94d9d236a56e,Nostalgia in Times Square,Charles Mingus,88924d51-0155-440a-af84-03da159966e6,ed63136a-6ed0-4052-8174-655ecb4bb270,134.46,2025-12-31 02:30:21.348598+00
97aa45ab-42f3-47bf-8afa-33b27d51569c,Nut House,Ray Bryant,88924d51-0155-440a-af84-03da159966e6,437d32dc-cc1c-4680-81b9-8e556f48b25d,277.67,2025-12-31 02:30:21.348598+00
9a297cb3-1949-4ee1-aefa-273c8d4961d9,Off Minor,Thelonious Monk,70a76012-6212-49ff-a125-603de72b02ed,26e329d9-0a0b-4e06-a53d-539cdc6ab27e,211.75,2025-12-31 02:30:21.348598+00
9a314971-5865-4fe3-a0fa-70afb20aa1fe,Old Devil Moon,Burton Lane,70a76012-6212-49ff-a125-603de72b02ed,469b8cb4-5be0-4c27-993f-02f9dc8e1142,277.58,2025-12-31 02:30:21.348598+00
9aeb85cc-24b1-4dec-8374-d15c14b7346a,Old Folks,Willard Robison,b626e1a0-234f-4542-ae67-47a2fbc68dd6,45283569-b17c-47e4-aee1-6094fc0bfa1a,242.06,2025-12-31 02:30:21.348598+00
9b2e40fb-1f86-400e-8a91-611d07f9a3c7,On the Sunny Side of the Street,Jimmy McHugh,ce7b1985-50d6-4f25-9d77-44b8b78b0eaa,a6debdad-89fb-428d-ba80-e4d1f83b2478,224.22,2025-12-31 02:30:21.348598+00
9b75621e-e680-4756-bbe3-ad77927ba7b9,Once I Loved,Antonio Carlos Jobim,88924d51-0155-440a-af84-03da159966e6,437d32dc-cc1c-4680-81b9-8e556f48b25d,258.91,2025-12-31 02:30:21.348598+00
9c5e75f6-0d79-427b-9141-b1440d6e6437,Orbits,Wayne Shorter,88924d51-0155-440a-af84-03da159966e6,469b8cb4-5be0-4c27-993f-02f9dc8e1142,226.54,2025-12-31 02:30:21.348598+00
9ed97dc5-eae0-485f-9aea-bd237a84c5cd,Pannonica,Thelonious Monk,ce7b1985-50d6-4f25-9d77-44b8b78b0eaa,45283569-b17c-47e4-aee1-6094fc0bfa1a,290.04,2025-12-31 02:30:21.348598+00
9f45ec17-49c8-494d-87e2-e55807d77462,Passion Dance,McCoy Tyner,8396d96c-9644-4d83-8cb8-301f9942adae,682957ea-82cf-494b-bca1-3ec2e2938d22,281.36,2025-12-31 02:30:21.348598+00
9fbde118-e14b-45d5-8a73-947cefe75a4c,Peace,Horace Silver,ce7b1985-50d6-4f25-9d77-44b8b78b0eaa,a6debdad-89fb-428d-ba80-e4d1f83b2478,224.28,2025-12-31 02:30:21.348598+00
a1390501-efaa-4c69-b475-6886e0afaae6,Pensativa,Clare Fischer,ce7b1985-50d6-4f25-9d77-44b8b78b0eaa,a6debdad-89fb-428d-ba80-e4d1f83b2478,224.22,2025-12-31 02:30:21.348598+00
a1cea07e-7867-4ec0-8cb8-119b13bc0d27,Perdido,Juan Tizol,8396d96c-9644-4d83-8cb8-301f9942adae,469b8cb4-5be0-4c27-993f-02f9dc8e1142,288.73,2025-12-31 02:30:21.348598+00
a24280b6-a16d-4f9b-a70b-bda369c5ba7d,Peri's Scope,Bill Evans,8396d96c-9644-4d83-8cb8-301f9942adae,26e329d9-0a0b-4e06-a53d-539cdc6ab27e,217.4,2025-12-31 02:30:21.348598+00
a2645ee6-82d4-4709-ba07-e2b80562d8b4,Picadilly Lilly,Randy Weston,70a76012-6212-49ff-a125-603de72b02ed,ed63136a-6ed0-4052-8174-655ecb4bb270,79.59,2025-12-31 02:30:21.348598+00
a26929d8-8e40-4290-92a3-8568ff5e7a1e,Ping Pong,Lee Morgan,b626e1a0-234f-4542-ae67-47a2fbc68dd6,26626d7c-16dd-489e-a86e-72a4e850df94,290.72,2025-12-31 02:30:21.348598+00
a335b2c6-f9d5-4fbf-ad6f-0871168c593d,Prelude to a Kiss,Duke Ellington,8396d96c-9644-4d83-8cb8-301f9942adae,71f29542-8080-49bd-8e35-79db47cd1ec4,232.06,2025-12-31 02:30:21.348598+00
a4bc8f0a-f85a-47a9-a63c-88ee9eec3dcb,Prisoner of Love,Russ Columbo,f6fb7bbc-b40c-4cd8-b4bd-45cc6e9092cd,469b8cb4-5be0-4c27-993f-02f9dc8e1142,234.33,2025-12-31 02:30:21.348598+00
a510a636-f25a-45f2-bbe2-87f1b091facc,Quiet Nights of Quiet Stars,Antonio Carlos Jobim,b0718b04-1517-4669-97d3-13b27e79d549,71f29542-8080-49bd-8e35-79db47cd1ec4,265.81,2025-12-31 02:30:21.348598+00
a5a1015e-ed56-4c06-9362-145fde7595ee,Red Clay,Freddie Hubbard,b0718b04-1517-4669-97d3-13b27e79d549,437d32dc-cc1c-4680-81b9-8e556f48b25d,220.59,2025-12-31 02:30:21.348598+00
a5b10903-417b-46d8-9a09-73582dd9b8b8,Rhythm-a-ning,Thelonious Monk,b0718b04-1517-4669-97d3-13b27e79d549,469b8cb4-5be0-4c27-993f-02f9dc8e1142,110.87,2025-12-31 02:30:21.348598+00
a62cbaff-2911-443e-9314-872c12e2f44e,Rosewood,Woody Shaw,f6fb7bbc-b40c-4cd8-b4bd-45cc6e9092cd,469b8cb4-5be0-4c27-993f-02f9dc8e1142,293.75,2025-12-31 02:30:21.348598+00
a6a1add5-5785-4753-8e61-97b2583f0565,Saint Thomas,Sonny Rollins,b0718b04-1517-4669-97d3-13b27e79d549,26e329d9-0a0b-4e06-a53d-539cdc6ab27e,256.4,2025-12-31 02:30:21.348598+00
a8e1bac9-d91b-4f16-9815-7e25034a1658,Sandu,Clifford Brown,ce7b1985-50d6-4f25-9d77-44b8b78b0eaa,71f29542-8080-49bd-8e35-79db47cd1ec4,299.79,2025-12-31 02:30:21.348598+00
a99187cd-2eb4-41f9-be21-8c7811b44075,Schwartz's Alley,Tadd Dameron,b626e1a0-234f-4542-ae67-47a2fbc68dd6,a6debdad-89fb-428d-ba80-e4d1f83b2478,257.48,2025-12-31 02:30:21.348598+00
a9a69d54-da75-411a-943b-00495a069156,Secret Love,Sammy Fain,88924d51-0155-440a-af84-03da159966e6,ed63136a-6ed0-4052-8174-655ecb4bb270,269.83,2025-12-31 02:30:21.348598+00
a9f103c1-5df6-4fcb-a333-e1e94f62ea7e,Serenity,Joe Henderson,f6fb7bbc-b40c-4cd8-b4bd-45cc6e9092cd,469b8cb4-5be0-4c27-993f-02f9dc8e1142,293.75,2025-12-31 02:30:21.348598+00
ab1450eb-e658-40f4-969e-56c93dd99255,Seven Come Eleven,Benny Goodman,b0718b04-1517-4669-97d3-13b27e79d549,437d32dc-cc1c-4680-81b9-8e556f48b25d,251.52,2025-12-31 02:30:21.348598+00
ac10e311-4c71-4832-b83f-5151e711ecc0,Sister Sadie,Horace Silver,ce7b1985-50d6-4f25-9d77-44b8b78b0eaa,71f29542-8080-49bd-8e35-79db47cd1ec4,268.04,2025-12-31 02:30:21.348598+00
adde367a-07c2-4e4f-80ac-066cbefb4e14,Skylark,Hoagy Carmichael,b0718b04-1517-4669-97d3-13b27e79d549,45283569-b17c-47e4-aee1-6094fc0bfa1a,202.97,2025-12-31 02:30:21.348598+00
adfcdfbc-e425-4369-89d9-5f0fce695635,So Nice,Marcos Valle,88924d51-0155-440a-af84-03da159966e6,469b8cb4-5be0-4c27-993f-02f9dc8e1142,204.65,2025-12-31 02:30:21.348598+00
ae734fc4-5854-4bef-b04e-995e845bd408,Softly as in a Morning Sunrise,Sigmund Romberg,8396d96c-9644-4d83-8cb8-301f9942adae,71f29542-8080-49bd-8e35-79db47cd1ec4,232.06,2025-12-31 02:30:21.348598+00
ae8a5e6c-54c8-49b3-a3e3-3027605b553b,Song for My Father,Horace Silver,00c84845-688e-4378-93d3-be194c67ffef,b43099c9-ecad-4f7e-b9ea-bb4e0fb2c5df,273.74,2025-12-31 02:30:21.348598+00
af253269-a370-4a0c-8f0d-fb9549786d87,Soul Eyes,Mal Waldron,8396d96c-9644-4d83-8cb8-301f9942adae,437d32dc-cc1c-4680-81b9-8e556f48b25d,275.4,2025-12-31 02:30:21.348598+00
af9fc90a-c468-481a-8cdf-fa38e1eb5b1b,Spiral,John Coltrane,8396d96c-9644-4d83-8cb8-301f9942adae,26e329d9-0a0b-4e06-a53d-539cdc6ab27e,42.14,2025-12-31 02:30:21.348598+00
b105c01a-9f35-4bb9-bcac-148a7e1b60ce,Spring Can Really Hang You Up the Most,Tommy Wolf,8396d96c-9644-4d83-8cb8-301f9942adae,a6debdad-89fb-428d-ba80-e4d1f83b2478,43.14,2025-12-31 02:30:21.348598+00
b3021e23-2c12-4527-93b6-7df944f66c46,St. Thomas,Sonny Rollins,70a76012-6212-49ff-a125-603de72b02ed,26e329d9-0a0b-4e06-a53d-539cdc6ab27e,211.75,2025-12-31 02:30:21.348598+00
b4195bd4-67eb-49ca-a013-b9cf8319796e,Stablemates,Benny Golson,ce7b1985-50d6-4f25-9d77-44b8b78b0eaa,b43099c9-ecad-4f7e-b9ea-bb4e0fb2c5df,252.17,2025-12-31 02:30:21.348598+00
b4be6a5e-c1db-4831-b145-6fa1c2b3724d,Stardust,Hoagy Carmichael,8396d96c-9644-4d83-8cb8-301f9942adae,26e329d9-0a0b-4e06-a53d-539cdc6ab27e,217.4,2025-12-31 02:30:21.348598+00
b50c7060-c57f-43b2-b7ef-e5e52c03f678,Stompin' at the Savoy,Edgar Sampson,ce7b1985-50d6-4f25-9d77-44b8b78b0eaa,71f29542-8080-49bd-8e35-79db47cd1ec4,299.79,2025-12-31 02:30:21.348598+00
b577d373-46ca-41c9-8a6c-64ce5e97b2fb,Strollin',Horace Silver,b626e1a0-234f-4542-ae67-47a2fbc68dd6,26626d7c-16dd-489e-a86e-72a4e850df94,286.08,2025-12-31 02:30:21.348598+00
b81e90f0-5b5f-4aa7-be8a-6905f2d95147,Sweet Georgia Brown,Ben Bernie,b0718b04-1517-4669-97d3-13b27e79d549,469b8cb4-5be0-4c27-993f-02f9dc8e1142,269.75,2025-12-31 02:30:21.348598+00
b920f62a-9bd2-4f07-831e-5fc7c2635daf,Tangerine,Victor Schertzinger,1f657a18-645d-4206-a431-c45e967bcb1d,a6debdad-89fb-428d-ba80-e4d1f83b2478,286.04,2025-12-31 02:30:21.348598+00
b9676eac-e8ea-4f62-8214-924e38f0433a,Tenor Madness,Sonny Rollins,00c84845-688e-4378-93d3-be194c67ffef,b43099c9-ecad-4f7e-b9ea-bb4e0fb2c5df,273.74,2025-12-31 02:30:21.348598+00
b9c245d6-e67b-453e-83c0-bebbf4caa0ef,The Days of Wine and Roses,Henry Mancini,88924d51-0155-440a-af84-03da159966e6,26e329d9-0a0b-4e06-a53d-539cdc6ab27e,224.22,2025-12-31 02:30:21.348598+00
bdb91d12-127a-45a0-8cb4-d4b3075034a3,The Jody Grind,Horace Silver,1f657a18-645d-4206-a431-c45e967bcb1d,b43099c9-ecad-4f7e-b9ea-bb4e0fb2c5df,283.47,2025-12-31 02:30:21.348598+00
be5b74fe-7561-44b7-81f9-5e0566cb4e19,The Lamp Is Low,Peter DeRose,b626e1a0-234f-4542-ae67-47a2fbc68dd6,b43099c9-ecad-4f7e-b9ea-bb4e0fb2c5df,54.76,2025-12-31 02:30:21.348598+00
be641072-02c0-4203-888b-718e80c5fcff,The Masquerade Is Over,Allie Wrubel,88924d51-0155-440a-af84-03da159966e6,ed63136a-6ed0-4052-8174-655ecb4bb270,221.78,2025-12-31 02:30:21.348598+00
bf2fce8c-c75c-4170-b286-ebe17755cf58,The More I See You,Harry Warren,b0718b04-1517-4669-97d3-13b27e79d549,ed63136a-6ed0-4052-8174-655ecb4bb270,262.15,2025-12-31 02:30:21.348598+00
bf4f09c3-acaa-4395-94a5-6251d84ba0d6,The Night Has a Thousand Eyes,Jerry Brainin,b626e1a0-234f-4542-ae67-47a2fbc68dd6,469b8cb4-5be0-4c27-993f-02f9dc8e1142,272.93,2025-12-31 02:30:21.348598+00
bf812db9-4faa-4017-8545-da596c98cc9b,The Peacocks,Jimmy Rowles,ce7b1985-50d6-4f25-9d77-44b8b78b0eaa,45283569-b17c-47e4-aee1-6094fc0bfa1a,295.69,2025-12-31 02:30:21.348598+00
c0e003ad-a878-440c-a036-f103602fe71c,The Song Is You,Jerome Kern,70a76012-6212-49ff-a125-603de72b02ed,26e329d9-0a0b-4e06-a53d-539cdc6ab27e,211.75,2025-12-31 02:30:21.348598+00
c158cb36-1bab-467f-a6f7-53c8a96072f3,The Very Thought of You,Ray Noble,8396d96c-9644-4d83-8cb8-301f9942adae,45283569-b17c-47e4-aee1-6094fc0bfa1a,277.92,2025-12-31 02:30:21.348598+00
c2ce41ca-eb70-4100-83e1-a6511d0980ec,The Way You Look Tonight,Jerome Kern,b0718b04-1517-4669-97d3-13b27e79d549,71f29542-8080-49bd-8e35-79db47cd1ec4,265.81,2025-12-31 02:30:21.348598+00
c4ae8263-042b-49c8-a790-c1e1de73137d,These Foolish Things,Jack Strachey,b0718b04-1517-4669-97d3-13b27e79d549,71f29542-8080-49bd-8e35-79db47cd1ec4,69.83,2025-12-31 02:30:21.348598+00
c558be91-c883-4319-b2d3-0e600f6ae6b5,Thieves in the Temple,Prince,b626e1a0-234f-4542-ae67-47a2fbc68dd6,71f29542-8080-49bd-8e35-79db47cd1ec4,291.68,2025-12-31 02:30:21.348598+00
c58ab2f6-e7db-4263-a3c9-10ed52d8c815,This I Dig of You,Hank Mobley,b626e1a0-234f-4542-ae67-47a2fbc68dd6,682957ea-82cf-494b-bca1-3ec2e2938d22,240.24,2025-12-31 02:30:21.348598+00
c5df10d0-d1b2-4bce-9799-f65e3e4aff88,Three Little Words,Harry Ruby,8396d96c-9644-4d83-8cb8-301f9942adae,ed63136a-6ed0-4052-8174-655ecb4bb270,243.61,2025-12-31 02:30:21.348598+00
c601d4f0-8740-4507-ab4d-a27554b68d5c,Time Remembered,Bill Evans,00c84845-688e-4378-93d3-be194c67ffef,b43099c9-ecad-4f7e-b9ea-bb4e0fb2c5df,273.74,2025-12-31 02:30:21.348598+00
c69dcf13-510c-43f7-8fc1-a68b57caba42,Triste,Antonio Carlos Jobim,1f657a18-645d-4206-a431-c45e967bcb1d,469b8cb4-5be0-4c27-993f-02f9dc8e1142,60.1,2025-12-31 02:30:21.348598+00
c7620393-49ea-4207-b3da-cffabf0366d6,Trane's Blues,John Coltrane,88924d51-0155-440a-af84-03da159966e6,a6debdad-89fb-428d-ba80-e4d1f83b2478,289.06,2025-12-31 02:30:21.348598+00
c7b220b8-c69c-4343-abe6-ee004724e95b,Turn Out the Stars,Bill Evans,f6fb7bbc-b40c-4cd8-b4bd-45cc6e9092cd,26e329d9-0a0b-4e06-a53d-539cdc6ab27e,281.39,2025-12-31 02:30:21.348598+00
c9a387cc-5ce0-450e-8aa0-25ae29b5cf03,26-2,John Coltrane,8396d96c-9644-4d83-8cb8-301f9942adae,b43099c9-ecad-4f7e-b9ea-bb4e0fb2c5df,291.68,2025-12-31 02:30:21.348598+00
cae58d01-398d-45e9-87ec-6c8c4629d583,Ugly Beauty,Thelonious Monk,b626e1a0-234f-4542-ae67-47a2fbc68dd6,45283569-b17c-47e4-aee1-6094fc0bfa1a,242.06,2025-12-31 02:30:21.348598+00
cd472aa7-cc1d-4163-a661-3b32d749a0c8,Unforgettable,Irving Gordon,8396d96c-9644-4d83-8cb8-301f9942adae,26e329d9-0a0b-4e06-a53d-539cdc6ab27e,49.33,2025-12-31 02:30:21.348598+00
ce1db205-a3c5-424b-b4f5-e60c33292360,Until the Real Thing Comes Along,Sammy Cahn,8396d96c-9644-4d83-8cb8-301f9942adae,ed63136a-6ed0-4052-8174-655ecb4bb270,269.46,2025-12-31 02:30:21.348598+00
cfc1875b-4247-4680-9c2d-dfa51b4e787a,Up a Lazy River,Hoagy Carmichael,ce7b1985-50d6-4f25-9d77-44b8b78b0eaa,a6debdad-89fb-428d-ba80-e4d1f83b2478,49.32,2025-12-31 02:30:21.348598+00
d12cf78f-9259-4379-b323-a0714f39b511,Valse Hot,Sonny Rollins,b0718b04-1517-4669-97d3-13b27e79d549,682957ea-82cf-494b-bca1-3ec2e2938d22,277.53,2025-12-31 02:30:21.348598+00
d1a88ba6-577f-47dc-a729-0abc5f0aa1a7,Very Early,Bill Evans,1f657a18-645d-4206-a431-c45e967bcb1d,45283569-b17c-47e4-aee1-6094fc0bfa1a,240.23,2025-12-31 02:30:21.348598+00
d3952472-3397-4340-8255-e3298bf636c5,Violets for Your Furs,Matt Dennis,b626e1a0-234f-4542-ae67-47a2fbc68dd6,469b8cb4-5be0-4c27-993f-02f9dc8e1142,290.72,2025-12-31 02:30:21.348598+00
d59d9784-29a8-431a-bef3-eb22cf29d123,Walkin',Richard Carpenter,70a76012-6212-49ff-a125-603de72b02ed,437d32dc-cc1c-4680-81b9-8e556f48b25d,218.44,2025-12-31 02:30:21.348598+00
d621fa51-0044-4407-8d67-e4af27a38a01,Watch What Happens,Michel Legrand,b626e1a0-234f-4542-ae67-47a2fbc68dd6,26626d7c-16dd-489e-a86e-72a4e850df94,290.72,2025-12-31 02:30:21.348598+00
d6a5939e-9563-4ba9-8cb4-372b0f9fcd6d,West Coast Blues,Wes Montgomery,00c84845-688e-4378-93d3-be194c67ffef,b43099c9-ecad-4f7e-b9ea-bb4e0fb2c5df,269.13,2025-12-31 02:30:21.348598+00
d74dd6a8-df1f-48f4-9004-9c14f03359a6,What a Difference a Day Made,Maria Grever,f6fb7bbc-b40c-4cd8-b4bd-45cc6e9092cd,469b8cb4-5be0-4c27-993f-02f9dc8e1142,79.52,2025-12-31 02:30:21.348598+00
d7ae4d92-9a1c-4d39-8600-59f606028ea8,What'll I Do,Irving Berlin,f6fb7bbc-b40c-4cd8-b4bd-45cc6e9092cd,26e329d9-0a0b-4e06-a53d-539cdc6ab27e,281.39,2025-12-31 02:30:21.348598+00
d8e6a9a3-4204-4e91-9638-14e0ad4f6eeb,When I Fall in Love,Victor Young,b626e1a0-234f-4542-ae67-47a2fbc68dd6,437d32dc-cc1c-4680-81b9-8e556f48b25d,273.68,2025-12-31 02:30:21.348598+00
d900bc34-dd12-43ca-baea-fc1bb367ef30,When Lights Are Low,Benny Carter,b0718b04-1517-4669-97d3-13b27e79d549,ed63136a-6ed0-4052-8174-655ecb4bb270,54.38,2025-12-31 02:30:21.348598+00
d93feb5e-04da-4433-899f-baef436e7394,When Sunny Gets Blue,Marvin Fisher,70a76012-6212-49ff-a125-603de72b02ed,a6debdad-89fb-428d-ba80-e4d1f83b2478,208.64,2025-12-31 02:30:21.348598+00
d959cf30-5c2f-48bc-aff2-da375c58f4ba,When You Wish Upon a Star,Leigh Harline,f6fb7bbc-b40c-4cd8-b4bd-45cc6e9092cd,45283569-b17c-47e4-aee1-6094fc0bfa1a,290.04,2025-12-31 02:30:21.348598+00
d999ec09-b02e-4161-a6f7-6a49bb77d958,Whisper Not,Benny Golson,b0718b04-1517-4669-97d3-13b27e79d549,a6debdad-89fb-428d-ba80-e4d1f83b2478,272.58,2025-12-31 02:30:21.348598+00
dab454ef-b55b-46fa-b379-4b1589ee6397,Windows,Chick Corea,8396d96c-9644-4d83-8cb8-301f9942adae,437d32dc-cc1c-4680-81b9-8e556f48b25d,103.55,2025-12-31 02:30:21.348598+00
dc0d611f-2041-4448-96c6-0a42612f0083,Witchcraft,Cy Coleman,b626e1a0-234f-4542-ae67-47a2fbc68dd6,26626d7c-16dd-489e-a86e-72a4e850df94,290.72,2025-12-31 02:30:21.348598+00
ddd727db-474f-4518-ad88-0084b17435aa,Without a Song,Vincent Youmans,b0718b04-1517-4669-97d3-13b27e79d549,437d32dc-cc1c-4680-81b9-8e556f48b25d,251.52,2025-12-31 02:30:21.348598+00
deaa94ed-ee2e-4249-9ad2-2205b13ebf8f,Yesterdays,Jerome Kern,8396d96c-9644-4d83-8cb8-301f9942adae,469b8cb4-5be0-4c27-993f-02f9dc8e1142,251.52,2025-12-31 02:30:21.348598+00
df63e810-f6bf-48e6-aa26-c2092b4e0923,You and the Night and the Music,Arthur Schwartz,f6fb7bbc-b40c-4cd8-b4bd-45cc6e9092cd,a6debdad-89fb-428d-ba80-e4d1f83b2478,286.04,2025-12-31 02:30:21.348598+00
e0797125-dd76-4efc-a245-f026806c8e5f,You Go to My Head,J. Fred Coots,8396d96c-9644-4d83-8cb8-301f9942adae,a6debdad-89fb-428d-ba80-e4d1f83b2478,287.0,2025-12-31 02:30:21.348598+00
e2e29aa4-b6f7-4717-8bd5-54df30cc89ad,You Must Believe in Spring,Michel Legrand,8396d96c-9644-4d83-8cb8-301f9942adae,b43099c9-ecad-4f7e-b9ea-bb4e0fb2c5df,291.68,2025-12-31 02:30:21.348598+00
e4408813-3b29-40f2-8f46-c9e76e56c8aa,You Say You Care,Jule Styne,b626e1a0-234f-4542-ae67-47a2fbc68dd6,45283569-b17c-47e4-aee1-6094fc0bfa1a,242.06,2025-12-31 02:30:21.348598+00
e797b87b-d49c-4414-803d-74ea625d8233,You'd Be So Nice to Come Home To,Cole Porter,1f657a18-645d-4206-a431-c45e967bcb1d,45283569-b17c-47e4-aee1-6094fc0bfa1a,240.23,2025-12-31 02:30:21.348598+00
e892fab5-74ef-4ddc-a3b4-804357bf0e8e,Young and Foolish,Albert Hague,f6fb7bbc-b40c-4cd8-b4bd-45cc6e9092cd,b43099c9-ecad-4f7e-b9ea-bb4e0fb2c5df,236.42,2025-12-31 02:30:21.348598+00
e8d237af-6c7f-4215-bf00-a7292ff97fe2,Yours Is My Heart Alone,Franz Lehar,ce7b1985-50d6-4f25-9d77-44b8b78b0eaa,469b8cb4-5be0-4c27-993f-02f9dc8e1142,109.11,2025-12-31 02:30:21.348598+00
e9a3b89f-285b-49b1-ab5f-76e2e2ecf501,Yoyo,Wayne Shorter,00c84845-688e-4378-93d3-be194c67ffef,b43099c9-ecad-4f7e-b9ea-bb4e0fb2c5df,273.74,2025-12-31 02:30:21.348598+00
eaec37bf-37a5-4ade-84fd-55b80ecbb309,Zanzibar,McCoy Tyner,8396d96c-9644-4d83-8cb8-301f9942adae,26e329d9-0a0b-4e06-a53d-539cdc6ab27e,298.66,2025-12-31 02:30:21.348598+00
ed1c3af7-82c9-40b1-9968-142414a0f819,Zing Went the Strings of My Heart,James F. Hanley,ce7b1985-50d6-4f25-9d77-44b8b78b0eaa,437d32dc-cc1c-4680-81b9-8e556f48b25d,262.11,2025-12-31 02:30:21.348598+00
ed202d4f-b93e-4150-a7dc-27114e76e13f,After You've Gone,Turner Layton,f6fb7bbc-b40c-4cd8-b4bd-45cc6e9092cd,45283569-b17c-47e4-aee1-6094fc0bfa1a,290.04,2025-12-31 02:30:21.348598+00
ef2bf9b4-dd8a-4f22-8f47-855a63c2f474,Ain't Misbehavin',Fats Waller,ce7b1985-50d6-4f25-9d77-44b8b78b0eaa,a6debdad-89fb-428d-ba80-e4d1f83b2478,286.06,2025-12-31 02:30:21.348598+00
ef7bca48-837f-4ee9-a981-61d9ece83777,Alfie,Burt Bacharach,88924d51-0155-440a-af84-03da159966e6,469b8cb4-5be0-4c27-993f-02f9dc8e1142,273.66,2025-12-31 02:30:21.348598+00
f0c5adf3-59da-4549-8b81-558ce4ed6228,All of You,Cole Porter,8396d96c-9644-4d83-8cb8-301f9942adae,469b8cb4-5be0-4c27-993f-02f9dc8e1142,238.15,2025-12-31 02:30:21.348598+00
f13c0ceb-749d-463d-8662-01b21c131f42,Almost Like Being in Love,Frederick Loewe,f6fb7bbc-b40c-4cd8-b4bd-45cc6e9092cd,469b8cb4-5be0-4c27-993f-02f9dc8e1142,293.75,2025-12-31 02:30:21.348598+00
f1433213-85a5-4845-81cf-205355506e0c,And I Love Her,John Lennon,b0718b04-1517-4669-97d3-13b27e79d549,45283569-b17c-47e4-aee1-6094fc0bfa1a,202.97,2025-12-31 02:30:21.348598+00
f4361794-8f8b-4254-aebf-96c7f132a38c,Angel Eyes,Matt Dennis,8396d96c-9644-4d83-8cb8-301f9942adae,45283569-b17c-47e4-aee1-6094fc0bfa1a,57.65,2025-12-31 02:30:21.348598+00
f4576f2d-ced7-4f09-8ae5-5029553c1cff,Any Old Time,Artie Shaw,b0718b04-1517-4669-97d3-13b27e79d549,26e329d9-0a0b-4e06-a53d-539cdc6ab27e,217.4,2025-12-31 02:30:21.348598+00
f582de33-0f20-406c-af9c-19e23e5d6284,April Joy,Pat Metheny,00c84845-688e-4378-93d3-be194c67ffef,437d32dc-cc1c-4680-81b9-8e556f48b25d,248.98,2025-12-31 02:30:21.348598+00
f5a4a903-8ea8-4691-b229-664ce8152393,Avalon,Al Jolson,b0718b04-1517-4669-97d3-13b27e79d549,26626d7c-16dd-489e-a86e-72a4e850df94,236.46,2025-12-31 02:30:21.348598+00
f72e2af7-6c78-4081-aa6c-c812f6696f1a,Beautiful Friendship,Donald Kahn,ce7b1985-50d6-4f25-9d77-44b8b78b0eaa,26e329d9-0a0b-4e06-a53d-539cdc6ab27e,106.84,2025-12-31 02:30:21.348598+00
f84ffdc8-9a2b-40c4-9b3a-9371a062e429,Ben,Walter Scharf,b0718b04-1517-4669-97d3-13b27e79d549,437d32dc-cc1c-4680-81b9-8e556f48b25d,220.59,2025-12-31 02:30:21.348598+00
f91028df-0494-4092-9248-5194651be8bd,Beyond the Blue Horizon,Richard Whiting,8396d96c-9644-4d83-8cb8-301f9942adae,a6debdad-89fb-428d-ba80-e4d1f83b2478,108.31,2025-12-31 02:30:21.348598+00
f91c5ea9-7372-4f4e-9355-6b083a97cd90,Blue in Green,Miles Davis,8396d96c-9644-4d83-8cb8-301f9942adae,b43099c9-ecad-4f7e-b9ea-bb4e0fb2c5df,291.68,2025-12-31 02:30:21.348598+00
f9bea571-8ed9-45c9-86ed-72453e26f12a,Blue Room,Richard Rodgers,8396d96c-9644-4d83-8cb8-301f9942adae,ed63136a-6ed0-4052-8174-655ecb4bb270,243.61,2025-12-31 02:30:21.348598+00
fa689846-e78f-421b-b5c9-e3529923afb8,Blues in the Closet,Oscar Pettiford,b0718b04-1517-4669-97d3-13b27e79d549,437d32dc-cc1c-4680-81b9-8e556f48b25d,251.52,2025-12-31 02:30:21.348598+00
fa79b1bc-bd3f-430d-b1db-25ff187f3dd8,Bobby's Tune,Bobby Timmons,b0718b04-1517-4669-97d3-13b27e79d549,71f29542-8080-49bd-8e35-79db47cd1ec4,265.81,2025-12-31 02:30:21.348598+00
fb4051f5-4372-4c6a-a2d2-d0f877e006b7,Captain Marvel,Chick Corea,8396d96c-9644-4d83-8cb8-301f9942adae,b43099c9-ecad-4f7e-b9ea-bb4e0fb2c5df,291.68,2025-12-31 02:30:21.348598+00
